id,first_name,last_name,email,gender,ip_address,plant_specific
1,Stanislaw,Urlich,surlich0@eepurl.com,Male,221.146.222.22,Pediomelum esculentum (Pursh) Rydb.
2,Jose,Tout,jtout1@deliciousdays.com,Male,251.248.204.193,Cyperus nanus Willd. var. nanus
3,Logan,Yurtsev,lyurtsev2@loc.gov,Male,95.72.200.99,Eriogonum corymbosum Benth. var. orbiculatum (S. Stokes) Reveal & Brotherson
4,Abeu,Veld,aveld3@omniture.com,Male,56.29.249.227,Pseudotsuga Carrière
5,Wanids,Winspar,wwinspar4@sakura.ne.jp,Female,119.2.24.240,Silene douglasii Hook. var. douglasii
6,Caddric,Rubenovic,crubenovic5@biblegateway.com,Male,245.58.185.41,Senecio magnificus F. Muell.
7,Ives,Umfrey,iumfrey6@dedecms.com,Male,107.123.201.106,Agrimonia parviflora Aiton
8,Link,McLanaghan,lmclanaghan7@dyndns.org,Male,55.229.165.145,Rainiera stricta (Greene) Greene
9,Gun,Richardsson,grichardsson8@biblegateway.com,Male,10.243.31.14,Galium andrewsii A. Gray ssp. andrewsii
10,Seymour,Stent,sstent9@salon.com,Male,95.135.11.231,Acanthus mollis L.
11,Elena,Philbrick,ephilbricka@addtoany.com,Female,89.119.202.187,Pistacia terebinthus L.
12,Reggy,Satterly,rsatterlyb@boston.com,Male,202.73.157.115,Alvaradoa Liebm.
13,Devina,Zamudio,dzamudioc@ca.gov,Female,239.35.125.148,Marshallia trinervia (Walter) Trel.
14,Durant,Weiser,dweiserd@archive.org,Male,141.152.233.19,Ribes oxyacanthoides L. ssp. oxyacanthoides
15,Floria,Tourne,ftournee@people.com.cn,Female,85.236.20.105,Euphorbia discoidalis Chapm.
16,Ebony,Shallcroff,eshallcrofff@biglobe.ne.jp,Female,183.73.97.254,Cheilanthes cooperae D.C. Eaton
17,Amelina,Stetlye,astetlyeg@paypal.com,Bigender,110.34.186.253,Danaea Sm.
18,Orella,Burriss,oburrissh@tamu.edu,Female,63.137.213.222,Yucca necopina Shinners
19,Moritz,Drewry,mdrewryi@webeden.co.uk,Male,120.133.116.64,Mentzelia asperula Wooton & Standl.
20,Henrietta,Pitway,hpitwayj@wp.com,Female,181.229.13.225,Eryngium heterophyllum Engelm.
21,Netta,Sheerman,nsheermank@va.gov,Female,164.77.224.150,Triticum turanicum Jakubz.
22,Tildie,Sprackling,tspracklingl@macromedia.com,Female,191.226.44.203,Mitella ×intermedia Bruhin ex Small & Rydb. (pro sp.)
23,Ernesto,Ridings,eridingsm@freewebs.com,Male,241.160.80.31,Cotoneaster lucidus Schltdl.
24,Sandye,Conti,scontin@fc2.com,Female,92.10.26.149,Tidestromia Standl.
25,Sigfried,Graben,sgrabeno@yahoo.com,Male,23.168.169.69,Glyceria borealis (Nash) Batchelder
26,Miles,Peek,mpeekp@people.com.cn,Male,215.205.83.37,Potentilla L.
27,Garrick,Forson,gforsonq@miitbeian.gov.cn,Male,223.212.252.138,Galactia smallii H.J. Rogers ex Herndon
28,Dianne,Haward,dhawardr@ezinearticles.com,Female,165.200.243.101,Themeda arguens (L.) Hack.
29,Conny,Akitt,cakitts@comsenz.com,Female,165.138.213.85,Mycocalicium ravenelii (Tuck.) Fink
30,Olly,Izhakov,oizhakovt@mozilla.org,Female,124.110.190.94,Lecidea ementiens Nyl.
31,Quentin,Whitebrook,qwhitebrooku@people.com.cn,Male,213.252.241.32,Lotus unifoliolatus (Hook.) Benth. var. helleri (Britton) Kartesz & Gandhi
32,Drew,Bussens,dbussensv@chron.com,Male,30.224.173.217,Echinacea paradoxa (J.B.S. Norton) Britton var. neglecta R.L. McGregor
33,Lula,Curtain,lcurtainw@berkeley.edu,Female,66.249.149.233,Saxifraga tridactylites L.
34,Noreen,Rumke,nrumkex@is.gd,Female,55.151.160.31,Olearia Moench
35,Porty,Kenewel,pkenewely@usatoday.com,Male,30.232.201.28,Emmenanthe penduliflora Benth. var. penduliflora
36,Patten,Brun,pbrunz@reverbnation.com,Male,196.193.6.104,Pectis elongata Kunth
37,Farley,Dingwall,fdingwall10@devhub.com,Male,210.60.19.133,Acalypha portoricensis Müll. Arg.
38,Aubrey,Audenis,aaudenis11@lycos.com,Male,19.255.96.3,Erigeron decumbens Nutt. var. decumbens
39,Daile,Turfus,dturfus12@yale.edu,Female,246.238.91.12,Argemone hispida A. Gray
40,Darnell,Pardey,dpardey13@jimdo.com,Male,41.249.32.48,Mentzelia multicaulis (Osterh.) A. Nelson ex J. Darl. var. flumensevera N.H. Holmgren & P.K. Holmgren
41,Jennica,Vedenisov,jvedenisov14@reddit.com,Female,241.213.195.143,Psidium longipes (Berg) McVaugh var. orbiculare (Berg) McVaugh
42,Donny,Freddi,dfreddi15@symantec.com,Male,55.89.33.68,Pouteria sandwicensis (A. Gray) Baehni & O. Deg.
43,Priscilla,Rubens,prubens16@mapy.cz,Female,32.56.205.228,Sempervivum L.
44,Jarrod,Croxon,jcroxon17@nps.gov,Male,67.40.32.66,Trifolium dasyphyllum Torr. & A. Gray
45,Carlie,Scaife,cscaife18@cornell.edu,Male,192.202.186.231,Hypotrachyna sinuosa (Sm.) Hale
46,Gothart,Wroughton,gwroughton19@usgs.gov,Male,187.77.192.240,Asplenium trichomanes L.
47,Rennie,Frisdick,rfrisdick1a@scientificamerican.com,Female,71.66.7.62,Hypoxis rigida Chapm.
48,Cece,Kingsnod,ckingsnod1b@amazon.co.jp,Male,173.96.1.134,Dicerandra linearifolia (Elliott) Benth. var. linearifolia
49,Celina,Manion,cmanion1c@smh.com.au,Female,161.94.128.80,Polycnemum L.
50,Benoit,Haskell,bhaskell1d@bluehost.com,Polygender,90.92.118.14,Porpidia flavocaerulescens (Hornem.) Hertel & A.J. Schwab
51,Brody,Lumsden,blumsden1e@com.com,Genderfluid,207.66.140.3,Sphenopholis pensylvanica (L.) Hitchc.
52,Angie,Congram,acongram1f@tmall.com,Male,47.216.148.150,Aliciella heterostyla (S. Cochrane & A.G. Day) J.M. Porter
53,Chase,Godleman,cgodleman1g@e-recht24.de,Male,111.38.89.239,Anaptychia setifera Rasanen
54,Gawen,Brimelow,gbrimelow1h@japanpost.jp,Male,81.238.227.13,Pohlia beringiensis Shaw
55,Blinnie,Botten,bbotten1i@google.de,Female,112.166.139.247,Desmatodon heimii (Hedw.) Mitt. var. heimii
56,Danny,Nappin,dnappin1j@live.com,Male,202.87.80.73,Hesperolinon disjunctum H. Sharsm.
57,Tania,Cretney,tcretney1k@nba.com,Female,18.214.157.160,Cephalophysis (Hertel) Kilias
58,Emanuel,Rolland,erolland1l@i2i.jp,Genderqueer,197.88.254.22,Arnica ovata Greene
59,Bond,Ledgerton,bledgerton1m@cdc.gov,Male,211.0.61.111,Myroxylon balsamum (L.) Harms
60,Janina,Cranch,jcranch1n@forbes.com,Female,100.174.46.224,Eriogonum umbellatum Torr. var. argus Reveal
61,Rustin,McKevany,rmckevany1o@abc.net.au,Male,154.137.234.232,Arctostaphylos hooveri P.V. Wells
62,Sansone,Fortoun,sfortoun1p@spiegel.de,Male,119.228.176.100,Symphyotrichum subulatum (Michx.) G.L. Nesom
63,Izzy,Vicarey,ivicarey1q@nymag.com,Male,40.84.19.200,Eleocharis radicans (A. Dietr.) Kunth
64,Elladine,Davidoff,edavidoff1r@vinaora.com,Female,181.215.229.41,Succisella G. Beck
65,Fayette,Pierucci,fpierucci1s@mail.ru,Female,31.228.223.115,Frasera albicaulis Douglas ex Griseb. var. nitida (Benth.) C.L. Hitchc.
66,Donavon,McGillreich,dmcgillreich1t@marketwatch.com,Male,46.25.217.158,Heuchera richardsonii R. Br.
67,Carson,Eadmeades,ceadmeades1u@reddit.com,Male,164.186.210.160,Chorizanthe robusta Parry
68,Hall,Toolan,htoolan1v@de.vu,Male,204.105.163.14,Ericameria greenei (A. Gray) G.L. Nesom
69,Lainey,Martinets,lmartinets1w@rediff.com,Female,140.237.81.108,Ericameria zionis (L.C. Anderson) G.L. Nesom
70,Cherlyn,Rosenauer,crosenauer1x@privacy.gov.au,Bigender,133.200.243.19,Fraxinus excelsior L.
71,Merna,Maldin,mmaldin1y@arizona.edu,Female,198.50.36.225,Xanthoparmelia moctezumensis T. Nash
72,Evvie,Delamaine,edelamaine1z@phoca.cz,Female,19.67.26.18,Pyrrocoma racemosa (Nutt.) Torr. & A. Gray var. congesta (Greene) Mayes ex G. Brown & Keil
73,Jason,Munkley,jmunkley20@google.co.uk,Male,76.200.191.53,Platydesma cornuta Hillebr. var. cornuta
74,Jdavie,Timmons,jtimmons21@odnoklassniki.ru,Male,76.213.153.54,Allium ascalonicum L.
75,Nady,Joyner,njoyner22@spiegel.de,Female,68.140.203.22,Dryopetalon runcinatum A. Gray
76,Barret,Ritchley,britchley23@boston.com,Genderfluid,176.54.94.15,Polytrichastrum G.L. Sm.
77,Cullie,Bursnoll,cbursnoll24@aol.com,Genderfluid,31.165.115.88,Ribes tularense (Coville) Fedde
78,Ronni,Emblem,remblem25@domainmarket.com,Female,139.225.84.74,Lecidea subrhagadiella Lynge
79,Herculie,Heighton,hheighton26@bravesites.com,Male,200.150.84.162,Carex haydenii Dewey
80,Jojo,Sealey,jsealey27@acquirethisname.com,Female,97.56.114.221,Agave asperrima Jacobi
81,Serge,Besantie,sbesantie28@paginegialle.it,Male,123.36.78.86,Corchoropsis crenata Siebold & Zucc. var. crenata
82,Currey,Gration,cgration29@apache.org,Male,240.212.224.139,Agalinis laxa Pennell
83,Arleyne,Drieu,adrieu2a@sphinn.com,Female,114.38.71.202,Heracleum L.
84,Sada,Stanlick,sstanlick2b@wikia.com,Female,182.115.218.169,Tradescantia reverchonii Bush
85,Tomas,Cantero,tcantero2c@squidoo.com,Male,67.90.66.134,Fumaria vaillantii Loisel.
86,Gusti,Niese,gniese2d@xrea.com,Genderqueer,112.102.244.98,Monardella douglasii Benth. ssp. douglasii
87,Cherilynn,Brando,cbrando2e@thetimes.co.uk,Female,157.26.202.44,Eriogonum inflatum Torr. & Frém. var. deflatum I.M. Johnst.
88,Giulio,Tapson,gtapson2f@squidoo.com,Male,103.148.112.106,Erysimum capitatum (Douglas ex Hook.) Greene
89,Giacinta,Wiffill,gwiffill2g@seattletimes.com,Female,95.145.103.250,Andira inermis (W. Wright) Kunth ex DC.
90,Joanna,Clougher,jclougher2h@spiegel.de,Female,51.190.212.37,Spergularia macrotheca (Hornem.) Heynh.
91,Danita,Algeo,dalgeo2i@google.co.jp,Female,64.21.80.129,Draba lemmonii S. Watson
92,Paulina,Finlater,pfinlater2j@weather.com,Female,70.98.23.107,Heterotheca oregona (Nutt.) Shinners var. oregona
93,Teri,Hubert,thubert2k@latimes.com,Female,159.49.213.220,Racomitrium occidentale (Renauld & Cardot) Renauld & Cardot
94,Amitie,Gilbane,agilbane2l@chronoengine.com,Female,120.67.223.73,Scutellaria wrightii A. Gray
95,Maurene,Earley,mearley2m@zimbio.com,Female,26.50.253.105,Sedum mexicanum Britton
96,Alejoa,Kubin,akubin2n@imgur.com,Male,105.151.19.54,Asplenium verecundum Chapm. ex Underw.
97,Nikki,Sedge,nsedge2o@google.ru,Female,55.121.97.42,Eryngium articulatum Hook.
98,Darn,Sparshatt,dsparshatt2p@theatlantic.com,Male,39.142.50.180,Pedicularis bracteosa Benth. var. siifolia (Rydb.) Cronquist
99,Dinah,Reimers,dreimers2q@list-manage.com,Female,33.251.124.169,Brugmansia suaveolens (Humb. & Bonpl. ex Willd.) Bercht. & C. Presl
100,Bethanne,Eddie,beddie2r@quantcast.com,Bigender,184.120.39.9,Petalonyx thurberi A. Gray
101,Arlee,Hambidge,ahambidge2s@scribd.com,Bigender,125.162.212.112,Allium vineale L. ssp. vineale
102,Hinze,Maillard,hmaillard2t@miibeian.gov.cn,Male,150.222.200.56,Eleocharis macrostachya Britton
103,Brigitte,Burdas,bburdas2u@1688.com,Female,162.77.230.7,Heteranthera multiflora (Griseb.) Horn
104,Maddie,Vannuccini,mvannuccini2v@jimdo.com,Female,190.134.13.91,Machaeranthera grindelioides (Nutt.) Shinners
105,Christina,Carles,ccarles2w@boston.com,Female,248.16.126.109,Campanula medium L.
106,Hersch,Heinish,hheinish2x@miitbeian.gov.cn,Male,197.55.249.76,Rubus obsessus L.H. Bailey
107,Osmund,Glantz,oglantz2y@google.co.jp,Male,105.58.139.42,Bupleurum rotundifolium L.
108,Cymbre,Robertazzi,crobertazzi2z@ow.ly,Female,148.157.133.1,Amoreuxia palmatifida Moc. & Sessé ex DC.
109,Cathy,Standring,cstandring30@ask.com,Female,50.208.71.150,Bombax L.
110,Antin,Collecott,acollecott31@wikimedia.org,Male,234.242.126.229,Krameria erecta Willd. ex Schult.
111,Rosita,Fumagallo,rfumagallo32@ask.com,Female,238.26.40.61,Chamaesyce pediculifera (Engelm.) Rose & Standl.
112,Westley,Asson,wasson33@bandcamp.com,Male,85.148.234.50,Spigelia hedyotidea A. DC.
113,Tresa,Nolder,tnolder34@flickr.com,Female,30.81.241.76,Sequoia Endl.
114,Keenan,Maffioletti,kmaffioletti35@diigo.com,Male,113.70.58.201,Tolumnia G.J. Braem
115,Ursa,Hornung,uhornung36@nature.com,Female,58.6.164.64,Centaurea dealbata Willd. [excluded]
116,Idette,Kearley,ikearley37@youtube.com,Female,170.35.8.50,Thelypteris noveboracensis (L.) Nieuwl.
117,Ches,Cotterill,ccotterill38@huffingtonpost.com,Male,203.219.101.103,Tridens congestus (L.H. Dewey) Nash
118,Ardine,Budge,abudge39@1und1.de,Female,202.134.216.138,Salvia pallida Benth.
119,Lenette,Shortcliffe,lshortcliffe3a@nba.com,Female,60.218.111.114,Philadelphus serpyllifolius A. Gray
120,Nedi,O'Grada,nograda3b@dedecms.com,Female,48.119.18.149,Limbella (Müll. Hal.) Broth.
121,Tarrah,MacDunleavy,tmacdunleavy3c@wisc.edu,Female,25.159.214.22,Sphagnum arcticum Flatberg & Frisvoll
122,Augustin,Bleddon,ableddon3d@indiegogo.com,Male,12.153.102.152,Ipomoea thurberi A. Gray
123,Othella,Bertouloume,obertouloume3e@printfriendly.com,Female,189.247.211.241,Trifolium olivaceum Greene
124,Randolf,Guidini,rguidini3f@oakley.com,Male,94.48.133.250,Ilex decidua Walter
125,Mimi,Learmouth,mlearmouth3g@bloglines.com,Female,131.60.52.133,Verbena neomexicana (A. Gray) Small var. xylopoda L.M. Perry
126,Lisette,Ajean,lajean3h@moonfruit.com,Female,183.188.56.69,Ocellularia sanfordiana (Zahlbr.) Hale
127,Dorris,McMaster,dmcmaster3i@ft.com,Female,112.191.193.176,Isoetes ×pseudotruncata D.M. Britton & D.F. Brunton
128,Poppy,Dorgan,pdorgan3j@posterous.com,Female,86.85.184.217,Pyrenula cerina Eschw.
129,Shantee,Spofforth,sspofforth3k@springer.com,Female,190.232.194.8,Platyschkuhria integrifolia (A. Gray) Rydb. var. oblongifolia (A. Gray) W. Ellison
130,Nickolas,Smalridge,nsmalridge3l@google.co.jp,Male,241.246.44.108,Cylindropuntia munzii (C.B. Wolf) Backeb.
131,Penn,Dwyer,pdwyer3m@npr.org,Male,187.211.99.113,Anemone edwardsiana Tharp
132,Rosalinde,Phittiplace,rphittiplace3n@histats.com,Female,157.227.21.245,Acaena pallida (Kirk) Allen
133,Eba,Danks,edanks3o@phpbb.com,Female,8.148.8.206,Dodecatheon clevelandii Greene ssp. patulum (Greene) H.J. Thomp.
134,Reggi,Gradon,rgradon3p@youku.com,Female,180.87.30.96,Venidium Less.
135,Rodrigo,Keese,rkeese3q@ftc.gov,Male,45.151.242.117,Puccinellia vaginata (Lange) Fernald & Weath.
136,Ingelbert,Matevosian,imatevosian3r@weather.com,Male,121.249.131.16,Festuca paradoxa Desv.
137,Fredi,Grassin,fgrassin3s@wiley.com,Female,59.188.207.65,Tetramolopium arenarium (A. Gray) Hillebr.
138,Felic,Ockendon,fockendon3t@youtube.com,Male,30.41.141.104,Schleichera oleosa (Lour.) Oken
139,Nicoline,Armand,narmand3u@oaic.gov.au,Female,110.107.55.149,Digitaria villosa (Walter) Pers.
140,Gradey,Levin,glevin3v@1688.com,Male,142.113.123.244,Rhynchospora filifolia A. Gray
141,Idalia,Bierman,ibierman3w@home.pl,Female,36.69.79.124,Casearia Jacq.
142,Culver,Pisculli,cpisculli3x@geocities.com,Genderfluid,37.69.205.82,Polygala crucianelloides DC.
143,Raye,Westover,rwestover3y@mapquest.com,Female,147.246.179.19,Cyphelium karelicum (Vain.) Rasanen
144,Peirce,Steuhlmeyer,psteuhlmeyer3z@blog.com,Male,207.176.217.112,Caloplaca vitellinula (Nyl.) H. Olivier
145,Joana,Cabble,jcabble40@yahoo.co.jp,Female,234.27.53.221,Oenothera curtissii (Rose) Small
146,Alano,Banbridge,abanbridge41@etsy.com,Male,23.220.171.60,Delphinium multiplex (Ewan) C.L. Hitchc.
147,Charmaine,Loffhead,cloffhead42@yahoo.co.jp,Female,15.255.181.175,Heteranthera limosa (Sw.) Willd.
148,Cart,D'eye,cdeye43@pcworld.com,Male,134.212.16.141,Achnatherum caudatum (Trin.) S.L.W. Jacobs & J. Everett
149,Blinny,Rillett,brillett44@symantec.com,Female,178.146.106.88,Rubia L.
150,Madelene,Butts,mbutts45@goo.gl,Female,40.126.217.0,Jarilla heterophylla (Cerv. ex Llave) Rusby
151,Hildagard,Ganter,hganter46@cisco.com,Female,76.40.177.107,Liatris provincialis Godfrey
152,Ruddy,Grishanin,rgrishanin47@tiny.cc,Male,175.120.192.179,Manilkara zapota (L.) P. Royen
153,Oby,Costock,ocostock48@springer.com,Male,113.27.135.124,Cerastium gracile Dufour
154,Mamie,Allcock,mallcock49@shareasale.com,Female,147.166.212.193,Lomatium hooveri (Mathias & Constance) Constance & Ertter
155,Clair,Woollends,cwoollends4a@craigslist.org,Male,60.169.187.13,Cyanea habenata (H. St. John) Lammers
156,Curry,Collingdon,ccollingdon4b@cocolog-nifty.com,Male,230.203.158.140,Opegrapha bonplandii Fée
157,Dare,Slatten,dslatten4c@pinterest.com,Male,49.178.78.115,Desmodium nuttallii (Schindl.) B.G. Schub.
158,Courtney,Synnott,csynnott4d@dailymail.co.uk,Male,64.252.255.48,Cladonia mateocyatha Robbins
159,Regan,McElvogue,rmcelvogue4e@ebay.co.uk,Female,13.228.93.27,Chiranthodendron Cerv. ex Cav.
160,Gilli,Taile,gtaile4f@gnu.org,Female,197.161.146.117,Phyllopsora parvifolia (Pers.) Müll. Arg.
161,Hailey,Chomicki,hchomicki4g@cnn.com,Male,72.220.65.87,Potamogeton zosteriformis Fernald
162,Park,Knight,pknight4h@gizmodo.com,Male,64.27.57.177,Rubus felix L.H. Bailey
163,Aguistin,Banck,abanck4i@state.tx.us,Male,153.38.252.158,Lophiola aurea Ker Gawl.
164,Ricki,Urion,rurion4j@acquirethisname.com,Male,107.205.47.134,Cyrtandra heinrichii H. St. John
165,Pernell,Gibbett,pgibbett4k@rambler.ru,Male,178.173.106.239,Ericameria resinosa Nutt.
166,Gerik,Kimbly,gkimbly4l@freewebs.com,Male,112.166.24.42,Symphyotrichum lentum (Greene) G.L. Nesom
167,Mahmoud,Baxill,mbaxill4m@google.de,Polygender,19.83.64.215,Clarkia mildrediae (A. Heller) F.H. Lewis & M.E. Lewis ssp. lutescens Gottlieb & L.P. Janeway
168,Ardis,Frensche,afrensche4n@stumbleupon.com,Female,202.198.193.189,Nephroma helveticum Ach. ssp. sipeanum (Gyel.) Goward & Ahti
169,Lorelei,Twinborne,ltwinborne4o@nyu.edu,Female,40.38.66.84,Euphorbia esula L. var. esula
170,Audrie,Loren,aloren4p@who.int,Female,97.11.16.114,Hesperostipa curtiseta (Hitchc.) Barkworth
171,Tarrah,Swaisland,tswaisland4q@i2i.jp,Female,104.242.13.134,Dipsacus laciniatus L.
172,Monte,Dovermann,mdovermann4r@jigsy.com,Male,145.94.64.169,Buddleja lindleyana Fortune
173,Kirby,Restill,krestill4s@prweb.com,Female,199.156.67.173,Sambucus racemosa L. ssp. kamtschatica (E.L. Wolf) Hultén
174,Georges,Seywood,gseywood4t@cmu.edu,Male,144.64.171.173,Salix hookeriana Barratt ex Hook.
175,Brice,Cottell,bcottell4u@unicef.org,Male,21.159.223.81,Androsace maxima L.
176,Ford,Gregorace,fgregorace4v@slate.com,Male,129.241.20.122,Cylindropuntia acanthocarpa (Engelm. & J.M. Bigelow) F.M. Knuth var. coloradensis (L.D. Benson) Pinkava
177,Larisa,Bettenay,lbettenay4w@tripadvisor.com,Female,13.252.131.82,Guapira Aubl.
178,Ursala,Emblen,uemblen4x@seattletimes.com,Female,199.235.239.6,Cladina (Nyl.) Nyl.
179,Tymothy,Harrema,tharrema4y@networkadvertising.org,Male,76.88.152.243,Bryum teres Lindb.
180,Nigel,Fowler,nfowler4z@1und1.de,Male,201.90.40.89,Heuchera richardsonii R. Br.
181,Dolli,Devenish,ddevenish50@amazonaws.com,Female,147.190.68.234,Dioscorea nummularia Lam.
182,Francis,Westwood,fwestwood51@pcworld.com,Male,24.214.100.138,Cuphea parsonsia (L.) R. Br. ex Steud.
183,Dennie,Gittus,dgittus52@1688.com,Male,134.164.243.223,Oplismenus hirtellus (L.) P. Beauv. ssp. setarius (Lam.) Mez ex Ekman
184,Alexia,McQuorkel,amcquorkel53@smh.com.au,Polygender,207.5.199.117,Corispermum ochotense Ignatov var. ochotense
185,Seward,Gillan,sgillan54@stumbleupon.com,Male,33.47.12.183,Rudbeckia fulgida Aiton
186,Melisenda,Allison,mallison55@nps.gov,Female,67.102.39.240,Solidago velutina DC.
187,Karola,Izchaki,kizchaki56@nsw.gov.au,Female,250.131.125.5,Polemonium cuspidatum Siebold & Zucc.
188,Ringo,Gaskin,rgaskin57@parallels.com,Polygender,70.173.4.54,Stellaria longifolia Muhl. ex Willd.
189,Shelley,Janu,sjanu58@diigo.com,Male,42.253.16.101,Rhizocarpon hochstetteri (Körb.) Vain.
190,Andee,McKaile,amckaile59@icq.com,Female,129.213.33.152,Keysseria erici (Forbes) Cabrera
191,Giacobo,Perton,gperton5a@xinhuanet.com,Male,119.221.126.93,Eriogonum umbellatum Torr. var. porteri (Small) S. Stokes
192,Nara,Shapiro,nshapiro5b@alibaba.com,Female,247.247.203.136,Nasturtium microphyllum Boenn. ex Rchb.
193,Moreen,Plank,mplank5c@theguardian.com,Genderfluid,140.166.64.125,Clinopodium coccineum (Nutt. ex Hook.) Kuntze
194,Cecily,Hallihan,challihan5d@comcast.net,Female,113.35.91.61,Oligoneuron rigidum (L.) Small var. glabratum (E.L. Braun) G.L. Nesom
195,Eleonore,Flaverty,eflaverty5e@tinypic.com,Female,109.160.149.242,Ottelia Pers.
196,Candida,McGilmartin,cmcgilmartin5f@state.gov,Female,31.79.216.76,Chamaesyce deltoidea (Engelm. ex Chapm.) Small ssp. deltoidea
197,Floyd,Streatfeild,fstreatfeild5g@timesonline.co.uk,Male,178.246.231.114,Panax pseudoginseng Wall. ssp. japonicus (C.A. Mey.) H. Hara
198,Jaymee,Harwell,jharwell5h@dailymail.co.uk,Female,66.249.112.188,Stachys rigida Nutt. ex Benth. var. rigida
199,Kellby,Fulloway,kfulloway5i@craigslist.org,Male,218.25.15.91,Calamagrostis rubescens Buckley
200,Corry,Mantz,cmantz5j@usatoday.com,Female,10.43.52.150,Poa ×limosa Scribn. & T.A. Williams (pro sp.)
201,Tabbitha,Harry,tharry5k@pbs.org,Female,248.209.222.106,Commelina erecta L. var. deamiana Fernald
202,Nicolle,Yoxall,nyoxall5l@bing.com,Polygender,231.87.3.154,Rubus rosa L.H. Bailey
203,Jewel,Larrat,jlarrat5m@sciencedirect.com,Female,10.72.136.118,Lotus corniculatus L.
204,Judy,Pisco,jpisco5n@joomla.org,Female,217.76.216.211,Rubus scambens L.H. Bailey
205,Chaddy,Kneeshaw,ckneeshaw5o@feedburner.com,Male,245.232.113.249,Astragalus nutriosensis S.C. Sand.
206,Tuckie,Durban,tdurban5p@aboutads.info,Male,225.84.77.116,Ranunculus eschscholtzii Schltdl. var. eschscholtzii
207,Jeniece,Van Brug,jvanbrug5q@usgs.gov,Female,21.185.227.253,Wyethia glabra A. Gray
208,Lisetta,Charleston,lcharleston5r@unblog.fr,Female,110.82.130.13,Juncus ensifolius Wikstr.
209,Carlita,Gammage,cgammage5s@taobao.com,Female,238.171.85.126,Mycomicrothelia inaequalis (Fabre) D. Hawksw.
210,Tris,Correa,tcorrea5t@weather.com,Male,10.65.187.116,Ruellia caerulea Morong
211,Gwendolyn,Wetherburn,gwetherburn5u@opera.com,Female,238.5.51.140,Rubus alter L.H. Bailey
212,Sunny,Garment,sgarment5v@multiply.com,Female,151.171.187.230,Cunninghamia R. Br.
213,Leticia,Buscher,lbuscher5w@walmart.com,Female,129.198.55.49,Senna Mill.
214,Ario,Sothcott,asothcott5x@sciencedirect.com,Male,240.218.212.170,Amaranthus dubius Mart. ex Thell.
215,Abbie,Stronough,astronough5y@usda.gov,Male,163.215.179.49,Hedyotis vegrandis W.H. Lewis
216,Farrand,Benduhn,fbenduhn5z@jugem.jp,Female,23.224.191.138,Liatris pycnostachya Michx.
217,Blinny,Swyer-Sexey,bswyersexey60@ezinearticles.com,Female,246.209.246.149,Hypotrachyna producta Hale
218,Freddy,Bricket,fbricket61@issuu.com,Female,96.85.239.78,Phyllospadix serrulatus Rupr. ex Asch.
219,Caressa,De Cruz,cdecruz62@sciencedaily.com,Female,84.197.197.231,Collinsia grandiflora Lindl.
220,Terencio,Lawrenceson,tlawrenceson63@jimdo.com,Bigender,9.81.28.133,Urochloa piligera (F. Muell. ex Benth.) R. Webster
221,Donny,Erskine,derskine64@123-reg.co.uk,Male,34.43.206.132,Paspalum denticulatum Trin.
222,Darleen,Bradder,dbradder65@businesswire.com,Non-binary,188.185.192.122,Myrsine linearifolia Hosaka
223,Annmaria,Maddern,amaddern66@economist.com,Female,14.122.81.60,Calamagrostis stricta (Timm) Koeler ssp. stricta var. borealis (Laest.) Hartm.
224,Jean,Dooley,jdooley67@dailymail.co.uk,Female,151.204.134.39,Melica smithii (Porter ex A. Gray) Vasey
225,Meir,Burnhard,mburnhard68@scribd.com,Male,12.190.40.72,Buellia retrovertens Tuck.
226,Ania,Larkkem,alarkkem69@blogtalkradio.com,Female,233.143.125.173,Androsace septentrionalis L. ssp. subumbellata (A. Nelson) G.T. Robbins
227,Rafe,Dessent,rdessent6a@disqus.com,Male,151.73.150.77,Torenia fournieri Linden ex E. Fourn.
228,Angelo,Pawden,apawden6b@accuweather.com,Male,249.126.86.70,Cyphelium karelicum (Vain.) Rasanen
229,Shanie,Duckworth,sduckworth6c@pbs.org,Female,79.184.179.59,Stellaria parva Pedersen
230,Perrine,Leckie,pleckie6d@youtu.be,Female,252.71.153.206,Trifolium longipes Nutt. ssp. hansenii (Greene) J.M. Gillett
231,Julianne,Asher,jasher6e@behance.net,Female,70.113.55.241,Philadelphus ernestii Hu
232,Orson,Doley,odoley6f@flickr.com,Male,100.92.31.65,Leptochloa fusca (L.) Kunth ssp. fascicularis (Lam.) N. Snow
233,Dusty,McCrann,dmccrann6g@histats.com,Female,152.202.237.20,Lecanora thallophila H. Magn.
234,Margeaux,Harkins,mharkins6h@vistaprint.com,Female,46.54.145.218,Hymenopappus flavescens A. Gray var. canotomentosus A. Gray
235,Griz,Hendin,ghendin6i@51.la,Male,160.187.59.12,Gyalidea Lettau ex Vezda
236,Rodrique,Polle,rpolle6j@wp.com,Male,153.150.174.114,Lecidea intropallida Fink
237,Sheridan,Frentz,sfrentz6k@smh.com.au,Male,28.181.164.91,Cardamine pratensis L. var. angustifolia Hook.
238,Rozanne,Elman,relman6l@omniture.com,Female,26.128.134.142,Cladonia ecmocyna Leight.
239,Nikos,Geke,ngeke6m@amazonaws.com,Male,120.151.100.188,Pritchardia kaalae Rock
240,Eugen,Outhwaite,eouthwaite6n@cpanel.net,Male,68.122.250.206,Erigeron latus (A. Nelson & J.F. Macbr.) Cronquist
241,Cordy,Challen,cchallen6o@1und1.de,Genderqueer,76.69.118.206,Richardia scabra L.
242,Almeta,Jessen,ajessen6p@usa.gov,Female,173.88.196.223,Calyptranthes martorellii Alain
243,Chiquia,Blasgen,cblasgen6q@networkadvertising.org,Non-binary,58.241.12.115,Panicum mohavense J. Reeder
244,Rolland,Foster-Smith,rfostersmith6r@washingtonpost.com,Male,3.127.63.185,Desmodium incanum DC.
245,Jessica,Boddice,jboddice6s@webeden.co.uk,Female,3.246.170.202,Urena L.
246,Annie,Beaver,abeaver6t@buzzfeed.com,Genderqueer,199.20.24.30,Puccinellia maritima (Huds.) Parl.
247,Keir,Sallans,ksallans6u@toplist.cz,Male,157.214.183.110,Erigeron caespitosus Nutt.
248,Tate,Merrell,tmerrell6v@google.fr,Male,254.159.90.159,Gelsemium sempervirens (L.) W.T. Aiton
249,Lin,Loudwell,lloudwell6w@weebly.com,Male,52.200.207.171,Linanthus demissus (A. Gray) Greene
250,Billie,Goretti,bgoretti6x@oracle.com,Genderfluid,176.52.111.10,Rhizomnium pseudopunctatum (Bruch & Schimp.) T. Kop.
251,Darbee,Banane,dbanane6y@furl.net,Male,33.151.54.103,Arceuthobium abietinum (Engelm.) Hawksw. & Wiens ssp. wiensii Mathiasen & C.M. Daugherty
252,Lockwood,Dallewater,ldallewater6z@diigo.com,Male,251.120.55.159,Beta patellaris Moq.
253,Minta,Elliston,melliston70@time.com,Female,248.22.57.202,Prunus padus L.
254,Anica,Syme,asyme71@php.net,Female,159.239.147.78,Echinothecium reticulatum Zopf
255,Chaim,Sprackling,csprackling72@sfgate.com,Male,8.41.83.193,Atriplex ×aptera A. Nelson (pro sp.)
256,Burnard,Hance,bhance73@last.fm,Male,138.77.234.244,Rhagadiolus stellatus (L.) Gaertn.
257,Nealson,Boschmann,nboschmann74@disqus.com,Male,242.96.121.31,Racomitrium microcarpon (Hedw.) Brid.
258,Cammy,Veracruysse,cveracruysse75@twitter.com,Female,93.68.207.128,Orbexilum stipulatum (Torr. & A. Gray) Rydb.
259,Dell,Peniello,dpeniello76@drupal.org,Male,73.82.54.60,Leptosiphon Benth.
260,Doralia,Haycock,dhaycock77@upenn.edu,Female,89.14.126.71,Hibiscus denudatus Benth.
261,Wilmer,Barritt,wbarritt78@ucoz.ru,Male,186.118.220.108,Mycomicrothelia subfallens (Müll. Arg.) D. Hawksw.
262,Janis,Sherborn,jsherborn79@storify.com,Female,63.138.32.55,Acacia pennatula (Schltdl. & Cham.) Benth.
263,Noelle,Pilgrim,npilgrim7a@istockphoto.com,Female,111.191.134.117,Stanleya elata M.E. Jones
264,Daniella,Lusk,dlusk7b@nbcnews.com,Genderfluid,70.19.41.226,Peperomia hirtipetiola C. DC.
265,Kalindi,Limer,klimer7c@house.gov,Female,168.109.36.1,Lesquerella kingii S. Watson ssp. kingii var. cobrensis Rollins & Shaw
266,Enos,Snashall,esnashall7d@a8.net,Male,165.82.42.43,Antirrhinum L.
267,Lavena,Vignaux,lvignaux7e@illinois.edu,Female,138.228.236.219,Ranunculus rhomboideus Goldie
268,Jeannine,Jendrys,jjendrys7f@mlb.com,Agender,150.240.181.200,Evolvulus grisebachii Peter
269,Hollyanne,MacAllen,hmacallen7g@mayoclinic.com,Genderqueer,63.232.175.84,Burmannia ledermannii Jonk.
270,Benton,Sebley,bsebley7h@xing.com,Male,172.244.187.252,"Gahnia lanaiensis O. Deg., I. Deg. & J. Kern"
271,Alejoa,Graeser,agraeser7i@yolasite.com,Male,136.248.201.141,Lyonothamnus floribundus A. Gray ssp. floribundus
272,Noel,Varnes,nvarnes7j@soup.io,Male,120.183.61.243,Grewia L.
273,Neil,Verlander,nverlander7k@taobao.com,Male,12.196.158.203,Sabatia angularis (L.) Pursh
274,Minnnie,O'Keefe,mokeefe7l@bloomberg.com,Female,175.70.178.234,Solorina spongiosa (Ach.) Anzi
275,Cayla,Band,cband7m@ca.gov,Female,151.27.70.200,Heterotheca villosa (Pursh) Shinners var. villosa
276,Jenda,Maggorini,jmaggorini7n@phpbb.com,Female,169.60.147.72,Tropaeolum tuberosum Ruiz & Pav.
277,Pepillo,Pardey,ppardey7o@apache.org,Male,131.25.47.90,Lesquerella aurea Wooton
278,Marietta,Teale,mteale7p@cbsnews.com,Female,146.20.113.161,Brickellia conduplicata (B.L. Rob.) B.L. Rob.
279,Carolyn,Laverty,claverty7q@instagram.com,Female,49.135.226.40,Bacidia igniarii (Nyl.) Oksner
280,Tish,O'Corren,tocorren7r@blogspot.com,Female,34.227.14.107,Astragalus miser Douglas ex Hook. var. hylophilus (Rydb.) Barneby
281,Giordano,Goodricke,ggoodricke7s@europa.eu,Male,59.99.223.68,Zizia W.D.J. Koch
282,Woodie,Whiteside,wwhiteside7t@opensource.org,Male,165.201.14.172,Geum peckii Pursh
283,Niles,Batiste,nbatiste7u@parallels.com,Male,211.207.160.244,Conradina etonia Kral & McCartney
284,Boycey,Jakobsson,bjakobsson7v@abc.net.au,Male,116.221.0.231,Camissonia claviformis (Torr. & Frém.) P.H. Raven ssp. integrior (P.H. Raven) P.H. Raven
285,Hanson,Creany,hcreany7w@hubpages.com,Male,155.133.132.158,Paspalum paniculatum L.
286,Berky,Ride,bride7x@storify.com,Male,112.75.196.21,Eriogonum microthecum Nutt. var. panamintense S. Stokes
287,Debora,Cawood,dcawood7y@sbwire.com,Female,85.31.70.119,Castilleja applegatei Fernald ssp. disticha (Eastw.) T.I. Chuang & Heckard
288,Jordon,Rykert,jrykert7z@mapquest.com,Male,29.123.148.135,Iris giganticaerulea Small
289,Izak,Di Biagio,idibiagio80@mail.ru,Male,187.231.26.29,Clematis ligusticifolia Nutt. var. californica S. Watson
290,Leonidas,Sackler,lsackler81@wiley.com,Male,223.157.115.80,Sedum spathulifolium Hook. ssp. pruinosum (Britton) R.T. Clausen & Uhl
291,Pia,Annes,pannes82@vinaora.com,Female,178.37.60.28,Campyloneurum latum T. Moore
292,Prissie,Atwel,patwel83@tinypic.com,Female,73.204.203.219,Poa macrocalyx Trautv. & C.A. Mey.
293,Ogdon,Batistelli,obatistelli84@hp.com,Male,15.53.215.2,Streptopus Michx.
294,Jami,Jellis,jjellis85@digg.com,Female,31.70.38.88,Claytonia caroliniana Michx.
295,Beverie,Give,bgive86@miitbeian.gov.cn,Female,175.194.179.240,Hymenelia Krempelh.
296,Bertie,Pharrow,bpharrow87@wunderground.com,Male,130.47.226.246,Dichanthelium isachnoides (Munro ex Hillebr.) C.A. Clark & Gould
297,Mohandas,Kundert,mkundert88@buzzfeed.com,Male,134.230.15.162,Phlyctis speirea G. Merr.
298,Christina,Ligoe,cligoe89@cmu.edu,Female,64.142.98.67,Carex aurea Nutt.
299,Andree,Hessentaler,ahessentaler8a@wordpress.org,Female,140.3.130.169,Desmanthus tatuhyensis Hoehne var. brevipes (B.L. Turner) Luckow
300,Vassily,Vanyashin,vvanyashin8b@wufoo.com,Male,28.145.145.244,Hylocereus (A. Berger) Britton & Rose
301,Leesa,Mariner,lmariner8c@marketwatch.com,Female,96.148.203.65,Astragalus magdalenae Greene var. peirsonii (Munz & McBurney) Barneby
302,Ashby,Tonks,atonks8d@about.com,Male,187.27.138.205,Agrostis L.
303,Reba,Mouton,rmouton8e@acquirethisname.com,Female,147.130.226.205,Linum medium (Planch.) Britton var. medium
304,Austine,Hurran,ahurran8f@ameblo.jp,Female,199.158.51.79,Corispermum ochotense Ignatov
305,Adrian,MacCallester,amaccallester8g@cocolog-nifty.com,Bigender,74.10.113.98,Salvia vinacea Wooton & Standl.
306,Randee,Durn,rdurn8h@shinystat.com,Female,243.154.37.21,Saxifraga tempestiva Elvander & Denton
307,Giusto,Salzburg,gsalzburg8i@ycombinator.com,Male,242.168.239.123,Lysimachia remyi Hillebr. ssp. kipahuluensis (H. St. John) Marr
308,Simone,Schorah,sschorah8j@ted.com,Female,194.138.152.208,Arthothelium violascens (Nyl.) Zahlbr.
309,Baudoin,Mussard,bmussard8k@uiuc.edu,Male,93.56.145.109,Agastache rupestris (Greene) Standl.
310,Lindsay,Preto,lpreto8l@merriam-webster.com,Female,153.100.33.8,Dicranella schreberiana (Hedw.) Hilf. ex H.A. Crum & L.E. Anderson var. robusta (Schimp. ex Braithw.) H.A. Crum & L.E. Anderson
311,Hercules,Manhare,hmanhare8m@scientificamerican.com,Male,121.228.77.22,Carex lucorum Willd. ex Link var. lucorum
312,Barrie,Brader,bbrader8n@arizona.edu,Female,55.244.82.159,Cochlearia sessilifolia Rollins
313,Abba,Armour,aarmour8o@eepurl.com,Male,241.165.138.55,Atriplex hymenelytra (Torr.) S. Watson
314,Egor,Emsden,eemsden8p@berkeley.edu,Male,82.112.248.172,Phlox maculata L.
315,Thatcher,Pawel,tpawel8q@ucsd.edu,Male,6.146.84.250,Rhynchospora capitellata (Michx.) Vahl
316,Benoit,Vickar,bvickar8r@feedburner.com,Male,180.86.96.228,Gossypium sturtianum J.H. Willis
317,Gustavus,Monger,gmonger8s@wikimedia.org,Male,198.136.23.250,Securigera cretica (L.) Lassen
318,Fritz,Dake,fdake8t@hatena.ne.jp,Male,30.91.91.118,Coreopsis linifolia Nutt.
319,Sabine,Routh,srouth8u@topsy.com,Female,194.196.22.106,Pteridium arachnoideum (Kaulf.) Maxon
320,Justis,Norris,jnorris8v@europa.eu,Male,144.141.39.72,Trichosalpinx Luer
321,Cesar,Vinnicombe,cvinnicombe8w@vinaora.com,Male,31.9.128.198,Ipomopsis tenuituba (Rydb.) V.E. Grant ssp. latiloba V.E. Grant & Wilken
322,Karena,Weymont,kweymont8x@t-online.de,Female,133.0.96.73,Lonicera pileata Oliv.
323,Etta,MacGillivrie,emacgillivrie8y@fc2.com,Female,169.88.124.171,Lupinus fulcratus Greene
324,Elvera,Fardon,efardon8z@apple.com,Female,177.35.73.39,Solidago brachyphylla Chapm. ex Torr. & A. Gray
325,Issiah,Timcke,itimcke90@yolasite.com,Male,183.42.42.113,Astragalus grayi Parry ex S. Watson
326,Thorpe,Plampin,tplampin91@tripadvisor.com,Male,174.231.103.89,Bidens bidentoides (Nutt.) Britton
327,Sandie,King,sking92@paypal.com,Female,176.4.32.187,Hypericum suffruticosum P. Adams & N. Robson
328,Pail,Rowntree,prowntree93@smugmug.com,Male,155.43.251.158,Sagittaria trifolia L.
329,Rosemonde,Darling,rdarling94@pinterest.com,Female,11.13.47.181,Sphaerophysa DC.
330,Myrah,Anstis,manstis95@quantcast.com,Female,240.251.56.1,Schinopsis quebracho-colorado (Schltdl.) F.A. Barkley & T. Meyer
331,Bogey,Karlolak,bkarlolak96@businessweek.com,Male,230.113.129.182,Nemastylis nuttallii Pickering ex R.C. Foster
332,Verene,Moverley,vmoverley97@harvard.edu,Female,66.183.116.207,Ficus nota (Blanco) Merr.
333,Malissa,Keogh,mkeogh98@deviantart.com,Genderqueer,65.126.23.187,Cephalanthera austiniae (A. Gray) A. Heller
334,Spike,Leet,sleet99@webmd.com,Male,131.161.0.230,Eriogonum molestum S. Watson
335,Sheilakathryn,Kraut,skraut9a@bravesites.com,Female,26.166.56.224,Mikania congesta DC.
336,Perren,Levington,plevington9b@hexun.com,Male,219.61.240.180,Eriogonum ovalifolium Nutt. var. purpureum (Nutt.) Durand
337,Carmon,Trout,ctrout9c@buzzfeed.com,Female,4.138.51.218,Aphanostephus DC.
338,Alejandra,Vlach,avlach9d@adobe.com,Female,168.141.64.180,Lepidium bidentatum Morton var. owaihiense (Cham. & Schltdl.) Fosberg
339,Nichole,Mannering,nmannering9e@unesco.org,Genderfluid,184.159.107.94,Carex elliottii Schwein. & Torr.
340,Averill,Gent,agent9f@latimes.com,Male,211.237.87.99,Clematis viticella L.
341,Adan,Saterthwait,asaterthwait9g@hugedomains.com,Male,60.185.79.56,Sematophyllum Mitt.
342,Brianna,Morecombe,bmorecombe9h@jiathis.com,Female,209.3.202.191,Triphysaria eriantha (Benth.) T.I. Chuang & Heckard ssp. eriantha
343,Freda,Durrell,fdurrell9i@ifeng.com,Polygender,62.73.187.45,Lysiloma divaricatum (Jacq.) J.F. Macbr.
344,Georgiana,Stennings,gstennings9j@chicagotribune.com,Female,138.96.84.191,Sisyrinchium idahoense E.P. Bicknell
345,Daryn,Kingsmill,dkingsmill9k@mashable.com,Female,203.31.177.118,Keckiella ternata (Torr. ex A. Gray) Straw ssp. ternata
346,Donal,Flay,dflay9l@deliciousdays.com,Male,233.184.41.191,Macadamia tetraphylla L.A.S. Johnson
347,Bradney,Aughtie,baughtie9m@go.com,Male,71.114.105.188,Aristida portoricensis Pilg.
348,Chick,Curton,ccurton9n@accuweather.com,Male,208.76.141.19,Thouinia Poit.
349,Felicio,Aseef,faseef9o@google.com,Male,243.183.23.60,Papaver lateritium K. Koch
350,Debee,Chmiel,dchmiel9p@t.co,Female,79.110.67.59,Anoectochilus sandvicensis Lindl.
351,Lee,Cranage,lcranage9q@redcross.org,Male,214.217.167.26,"Aspicilia albopruinosa (Looman) ?, ined.?"
352,Zollie,Shilliday,zshilliday9r@rediff.com,Male,137.135.13.89,Grewia biloba G. Don
353,Teodorico,Clubley,tclubley9s@uol.com.br,Polygender,245.61.252.236,Melinis minutiflora P. Beauv.
354,Selia,Dorken,sdorken9t@nba.com,Female,80.213.156.232,Lepanthes dodiana Stimson
355,Jessa,Siveyer,jsiveyer9u@webeden.co.uk,Female,134.168.78.49,Fontinalis missourica Cardot
356,Krishna,Jacques,kjacques9v@columbia.edu,Agender,12.59.200.170,Leptochloa fusca (L.) Kunth ssp. uninervia (J. Presl) N. Snow
357,Budd,De Metz,bdemetz9w@tripod.com,Male,117.191.243.155,Viola adunca Sm. var. oxyceras (S. Watson) S. Watson ex Jeps.
358,Kinny,Nasi,knasi9x@sbwire.com,Male,246.123.162.127,Allium crispum Greene
359,Saunders,Cantrell,scantrell9y@hibu.com,Male,121.252.43.124,Bletia patula Graham var. patula
360,Annabella,Elletson,aelletson9z@yelp.com,Female,175.76.59.21,Astragalus molybdenus Barneby
361,Yale,Stanman,ystanmana0@sbwire.com,Male,191.55.152.125,Bidens alba (L.) DC.
362,Niel,Thibodeaux,nthibodeauxa1@va.gov,Male,65.35.108.70,Phyllostachys viridiglaucescens A. Rivière & C. Rivière
363,Erasmus,Dobbyn,edobbyna2@upenn.edu,Male,214.19.131.218,Anulocaulis leiosolenus (Torr.) Standl. var. howardii Spellenb. & Wootten
364,Emlen,Handes,ehandesa3@opensource.org,Male,10.11.223.44,Eucalyptus bridgesiana R. Baker
365,Mick,Kingman,mkingmana4@example.com,Male,220.41.32.211,Hibiscus waimeae A. Heller ssp. hannerae (O. Deg. & I. Deg.) D.M. Bates
366,Manolo,Androsik,mandrosika5@seesaa.net,Male,19.114.1.175,Cyperus meyenianus Kunth
367,Susi,Baltzar,sbaltzara6@chron.com,Female,155.82.166.173,Ranunculus L.
368,Celisse,Scandrett,cscandretta7@ehow.com,Female,116.249.151.34,Eragrostis cilianensis (All.) Vign. ex Janchen
369,Essie,Hrynczyk,ehrynczyka8@cnn.com,Female,23.240.126.64,Euphorbia cooperi N.E. Br. ex A. Berger
370,Fidel,Gerson,fgersona9@nhs.uk,Male,176.240.28.69,Bouteloua Lag.
371,Rabi,Messitt,rmessittaa@hp.com,Male,80.131.235.166,Gentiana fremontii Torr.
372,Ella,Curran,ecurranab@dot.gov,Female,171.136.163.15,Arnica angustifolia Vahl
373,Lazar,Vsanelli,lvsanelliac@youtube.com,Male,210.131.23.218,Thermutis Fr.
374,Lynnell,Massow,lmassowad@parallels.com,Female,14.252.71.178,Lecania perproxima (Nyl.) Zahlbr.
375,Ricki,Bennion,rbennionae@earthlink.net,Female,122.160.93.197,Grimmia torngakiana Brass. & Hedderson
376,Rebecka,Chelsom,rchelsomaf@tumblr.com,Female,197.107.101.20,Amaranthus blitum L. var. pseudogracilis (Thell.) Costea
377,Bevin,Sapir,bsapirag@angelfire.com,Male,77.192.115.112,Radiola linoides Roth
378,Sam,Joules,sjoulesah@sun.com,Female,15.151.79.167,Solanum bahamense L. var. bahamense
379,Harmony,Billanie,hbillanieai@linkedin.com,Female,213.226.0.137,Phoradendron libocedri (Engelm.) Howell
380,Haslett,Strickett,hstrickettaj@clickbank.net,Male,79.4.11.61,Kalanchoe integra (Medik.) Kuntze var. crenata (Andrews) Cufod.
381,Delainey,Adrain,dadrainak@twitpic.com,Male,136.251.208.226,Cardamine pachystigma (S. Watson) Rollins
382,Guillaume,Rizzillo,grizzilloal@craigslist.org,Male,218.255.86.217,Machaeranthera canescens (Pursh) A. Gray ssp. canescens var. ambigua B.L. Turner
383,Brynne,Foresight,bforesightam@e-recht24.de,Bigender,12.161.165.30,Clarkia franciscana F.H Lewis & P.H. Raven
384,Hyacinthia,McKennan,hmckennanan@amazon.co.uk,Female,132.174.67.231,Cirsium clavatum (M.E. Jones) Petr.
385,Bettine,Lithgow,blithgowao@yahoo.com,Agender,184.204.227.53,Calliergon giganteum (Schimp.) Kindb.
386,Emmet,Sesons,esesonsap@plala.or.jp,Male,36.202.0.183,Paspalum rupestre Trin.
387,Dennis,Denacamp,ddenacampaq@quantcast.com,Male,145.149.1.140,Pinguicula primuliflora Alph. Wood & Godfrey
388,Cherlyn,Vakhrushin,cvakhrushinar@stumbleupon.com,Female,30.102.172.91,Cirsium ochrocentrum A. Gray ssp. martinii P. Barlow
389,Tristan,MacKilroe,tmackilroeas@nydailynews.com,Male,88.203.165.166,Juncus leiospermus F.J. Herm. var. ahartii Ertter
390,Regina,Bonefant,rbonefantat@huffingtonpost.com,Female,139.106.98.17,Epilobium ×treleaseanum H. Lév.
391,Octavius,De Bruyn,odebruynau@webmd.com,Male,206.182.37.98,Anredera cordifolia (Ten.) Steenis
392,Waverly,Goodlake,wgoodlakeav@cnn.com,Male,34.46.10.150,Sarcocornia perennis (Mill.) A.J. Scott
393,Carlyle,Iltchev,ciltchevaw@freewebs.com,Male,5.54.164.24,Lycopodium digitatum Dill. ex A. Braun
394,Nataline,Skarin,nskarinax@pen.io,Female,168.152.133.74,Datura ceratocaula Ortega
395,Eberhard,Metheringham,emetheringhamay@hostgator.com,Male,141.140.75.103,Liatris acidota Engelm. & A. Gray
396,Chastity,Ashpole,cashpoleaz@wsj.com,Female,250.49.232.110,Sisymbrium austriacum Jacq.
397,Rosemonde,Edis,redisb0@360.cn,Polygender,253.18.249.61,Isoetes virginica N.E. Pfeiffer
398,Reagen,Seares,rsearesb1@ask.com,Male,218.197.209.96,Centaurium calycosum (Buckley) Fernald
399,Hanna,Thowless,hthowlessb2@lulu.com,Female,37.29.197.186,Collinsia bartsiifolia Benth.
400,Gustav,Raraty,graratyb3@usda.gov,Male,98.161.213.126,Symphyotrichum lanceolatum (Willd.) G.L. Nesom ssp. lanceolatum
401,Galina,Bantock,gbantockb4@vkontakte.ru,Female,158.181.64.254,Aquilegia coerulea James
402,Rockey,Bosson,rbossonb5@hibu.com,Male,233.186.224.6,Saelania Lindb.
403,Elna,Gillham,egillhamb6@ifeng.com,Female,52.22.184.125,Falcataria (I.C. Nielsen) Barneby & Grimes
404,Sibelle,Kingsnod,skingsnodb7@bizjournals.com,Female,159.0.73.187,Cardamine rotundifolia Michx.
405,Kev,Sharp,ksharpb8@globo.com,Male,237.56.0.247,Lecidea atmoaria Th. Fr.
406,Ailey,Sacchetti,asacchettib9@typepad.com,Female,162.54.103.154,Guillenia Greene
407,Bunni,MacCall,bmaccallba@hp.com,Female,207.208.93.31,Eriogonum eremicum Reveal
408,Judie,Thornewill,jthornewillbb@ft.com,Female,17.235.87.49,Oxytheca parishii Parry var. parishii
409,Brigham,Addams,baddamsbc@xing.com,Male,240.205.80.175,Cuscuta potosina Schaffn. var. globifera Yunck.
410,Codie,Bowland,cbowlandbd@spiegel.de,Male,74.164.70.57,Eragrostis cilianensis (All.) Vign. ex Janchen
411,Natal,Kroin,nkroinbe@columbia.edu,Male,204.18.202.30,×Achnella caduca (Beal) Barkworth
412,Oliviero,Coupman,ocoupmanbf@wikimedia.org,Male,5.242.116.157,Leavenworthia exigua Rollins var. lutea Rollins
413,Jacky,Kinghorn,jkinghornbg@squidoo.com,Male,217.52.242.112,Rumex acetosa L. ssp. alpestris (Jacq.) Á. Löve
414,Leonelle,Scalia,lscaliabh@blogger.com,Female,34.105.169.142,Alternanthera pungens Kunth
415,Averill,Ladlow,aladlowbi@imgur.com,Male,79.163.190.7,Vauquelinia corymbosa Humb. & Bonpl. ssp. angustifolia (Rydb.) Hess & Henrickson
416,Harmonia,Sloss,hslossbj@dagondesign.com,Female,182.82.147.13,Centaurea ×psammogena G. Gáyer
417,Hermon,Crimp,hcrimpbk@google.nl,Male,114.182.209.77,Camellia L.
418,Blayne,Borrow,bborrowbl@plala.or.jp,Male,246.12.211.227,Samolus ebracteatus Kunth
419,Malia,Cryer,mcryerbm@nhs.uk,Female,177.252.7.66,Phlox speciosa Pursh ssp. woodhousei (Torr. ex A. Gray) Wherry
420,Latisha,Guppie,lguppiebn@sbwire.com,Female,193.4.119.93,Lecidea pulla Lowe
421,Nara,Rubbens,nrubbensbo@ft.com,Female,70.181.229.200,Swietenia Jacq.
422,Toiboid,Oldcroft,toldcroftbp@pcworld.com,Male,224.74.10.122,Glandularia incisa (Hook.) Troncoso
423,Zebadiah,Laurent,zlaurentbq@ebay.co.uk,Male,198.254.242.28,Pouteria Aubl.
424,Brandy,Cassels,bcasselsbr@qq.com,Male,71.133.177.193,Euonymus occidentalis Nutt. ex Torr. var. parishii (Trel.) Jeps.
425,Leontine,Shildrake,lshildrakebs@ning.com,Genderqueer,240.130.15.52,Hackelochloa Kuntze
426,Wylie,Scotson,wscotsonbt@sphinn.com,Male,222.46.26.73,Gyalidea lecideopsis (A. Massal.) Lettau ex Vezda
427,Ingrid,Ellum,iellumbu@histats.com,Female,17.90.39.211,Blechnum L.
428,Bar,Acarson,bacarsonbv@about.me,Male,11.72.235.235,Feijoa O. Berg
429,Aveline,Foxwell,afoxwellbw@digg.com,Female,144.150.149.60,Lupinus leucophyllus Douglas ex Lindl. ssp. leucophyllus var. leucophyllus
430,Willis,Martland,wmartlandbx@netscape.com,Male,212.50.52.8,Dicranodontium asperulum (Mitt.) Broth.
431,Wildon,Renac,wrenacby@wikispaces.com,Male,93.153.203.144,Eranthemum L.
432,Jeramie,Mereweather,jmereweatherbz@trellian.com,Male,106.176.19.53,Hypericum frondosum Michx.
433,Reeva,Putton,rputtonc0@sciencedaily.com,Polygender,190.134.102.203,"Cyanea humboldtiana (Gaudich.) Lammers, Givnish & Sytsma"
434,Daisi,Viccary,dviccaryc1@usatoday.com,Female,217.173.140.47,Minuartia drummondii (Shinners) McNeill
435,Homerus,Arrundale,harrundalec2@icq.com,Genderqueer,152.156.26.96,Dalea purpurea Vent. var. arenicola (Wemple) Barneby
436,Drake,Begg,dbeggc3@opensource.org,Male,255.61.41.75,Micarea denigrata (Fr.) Hedl.
437,Merna,Silby,msilbyc4@seesaa.net,Female,102.23.145.124,Senecio sphaerocephalus Greene
438,Aldridge,Mugridge,amugridgec5@mapy.cz,Male,133.91.207.160,Sicyos laciniatus L.
439,Nickolas,Volet,nvoletc6@hexun.com,Male,48.124.172.50,Pinus rigida × taeda [unnamed hybrid]
440,Amaleta,Prose,aprosec7@scientificamerican.com,Female,203.2.8.196,Lycoris Herb.
441,Ruthy,Elton,reltonc8@umn.edu,Female,86.87.100.208,Hypnum cupressiforme Hedw. var. filiforme Brid.
442,Berkley,Weldrake,bweldrakec9@wisc.edu,Male,248.110.110.196,Phellodendron Rupr.
443,Margarette,Pawelek,mpawelekca@rediff.com,Female,246.147.167.185,Dactyloctenium aegyptium (L.) Willd.
444,Leon,Fildes,lfildescb@cdbaby.com,Male,20.176.28.17,Clermontia montis-loa Rock
445,Phillida,Dunnet,pdunnetcc@google.com.au,Female,125.206.186.245,Cyathea arborea (L.) Sm.
446,Gian,Hosby,ghosbycd@blogger.com,Male,40.135.184.169,Metrosideros polymorpha Gaudich. var. polymorpha
447,Niel,Kinnett,nkinnettce@hexun.com,Male,183.93.72.123,Clermontia samuelii Forbes ssp. samuelii
448,Luce,Truett,ltruettcf@about.com,Male,58.103.76.100,Archidium alternifolium (Hedw.) Schimp.
449,Skye,Ervine,servinecg@umich.edu,Male,201.105.156.255,Erodium macrophyllum Hook. & Arn. var. macrophyllum
450,Orazio,Broe,obroech@economist.com,Male,196.46.146.124,Parmotrema dominicanum (Vain.) Hale
451,Hesther,Kendrick,hkendrickci@disqus.com,Non-binary,231.114.198.166,Corethrogyne filaginifolia (Hook. & Arn.) Nutt.
452,Melony,Musselwhite,mmusselwhitecj@gravatar.com,Female,57.74.155.255,Dendromecon harfordii Kellogg
453,Marisa,Scamwell,mscamwellck@wikispaces.com,Female,163.209.215.123,Saxifraga oppositifolia L. ssp. smalliana (Engl. & Irmsch.) Hultén
454,Lucius,Shervil,lshervilcl@indiegogo.com,Male,49.121.212.10,Carex gigantea Rudge
455,Karlotta,Raffeorty,kraffeortycm@google.com.br,Female,84.180.194.120,Refractohilum D. Hawksw.
456,Sibylla,Rops,sropscn@apache.org,Female,109.71.166.205,Astragalus harrisonii Barneby
457,Temp,Bastow,tbastowco@imdb.com,Genderfluid,77.222.38.20,Phippsia concinna (Th. Fr.) Lindeberg
458,Arlen,Gladebeck,agladebeckcp@ovh.net,Agender,103.248.64.179,Taraxacum palustre (Lyons) Symons
459,Cirstoforo,Duddin,cduddincq@ebay.co.uk,Male,121.5.252.252,Cyperus sanguinolentus Vahl
460,Dara,Lavielle,dlaviellecr@usda.gov,Female,254.7.96.185,Dryopteris expansa (C. Presl) Fraser-Jenkins & Jermy
461,Maurizia,Bellenie,mbelleniecs@tiny.cc,Female,169.97.218.31,Eleocharis compressa Sull. var. compressa
462,Clotilda,Walbrook,cwalbrookct@devhub.com,Female,131.91.147.161,Ceratophyllum demersum L.
463,Sonnie,Barthelmes,sbarthelmescu@about.me,Male,86.138.245.245,Trillium rugelii Rendle
464,Rozalin,Noteyoung,rnoteyoungcv@instagram.com,Female,44.160.70.98,Lipochaeta tenuis O. Deg. & Sherff
465,Crystal,Tallman,ctallmancw@kickstarter.com,Female,163.77.245.18,Carex ×haematolepis Drejer (pro sp.)
466,Tine,Behnen,tbehnencx@google.fr,Female,40.111.223.85,Eriogonum deflexum Torr. var. deflexum
467,Evered,Tearney,etearneycy@surveymonkey.com,Male,147.127.102.201,Crataegus schuettei Ashe
468,Malvin,Tawton,mtawtoncz@washingtonpost.com,Male,53.192.255.203,Salvia amissa Epling
469,Brian,Coughtrey,bcoughtreyd0@nifty.com,Male,89.203.1.91,Cornus sericea L. ssp. occidentalis (Torr. & A. Gray) Fosberg
470,Nickola,Ivkovic,nivkovicd1@bluehost.com,Polygender,81.147.103.2,Astragalus gypsodes Barneby
471,Leeanne,Gummory,lgummoryd2@msn.com,Female,10.41.127.14,Eriogonum arizonicum S. Stokes ex M.E. Jones
472,Maible,Walisiak,mwalisiakd3@live.com,Female,29.91.6.236,Saussurea viscida Hultén
473,Nikki,Dursley,ndursleyd4@google.it,Male,227.114.236.120,Argemone munita Durand & Hilg. ssp. munita
474,Marika,Clappison,mclappisond5@spotify.com,Non-binary,219.235.182.174,Campanula glomerata L.
475,Toma,Merida,tmeridad6@rediff.com,Female,211.91.186.255,Epiphyllum ackermanii Haw.
476,Erl,Fawloe,efawloed7@paginegialle.it,Male,216.44.191.202,Platanthera leucophaea (Nutt.) Lindl.
477,Lia,Durdy,ldurdyd8@wikimedia.org,Female,30.45.209.8,Pelargonium vitifolium (L.) L'Hér. ex Aiton
478,Sherm,Choat,schoatd9@aboutads.info,Male,97.177.125.177,Arenaria congesta Nutt. var. suffrutescens (A. Gray) B.L. Rob.
479,Arabella,Hews,ahewsda@bandcamp.com,Female,26.167.25.211,Lecanora chlorophaeodes Nyl.
480,Payton,Ellaman,pellamandb@loc.gov,Male,225.224.48.60,Silphium compositum Michx.
481,Seamus,Kinner,skinnerdc@github.com,Male,199.221.33.240,Phlox andicola E.E. Nelson ssp. parvula Wherry
482,Kipp,Tamblingson,ktamblingsondd@foxnews.com,Male,81.218.168.122,Hedyotis degeneri Fosberg var. coprosmifolia Fosberg
483,Edward,Tabner,etabnerde@home.pl,Non-binary,146.128.148.78,Epilobium obcordatum A. Gray
484,Carmina,Erlam,cerlamdf@amazon.co.jp,Female,242.240.242.90,Scleria P.J. Bergius
485,Vivyan,Van der Hoeven,vvanderhoevendg@pagesperso-orange.fr,Female,164.208.205.111,Thaspium Nutt.
486,Sherm,Plumbley,splumbleydh@uiuc.edu,Male,39.198.45.213,Carex oxylepis Torr. & Hook. var. pubescens J.K. Underw.
487,Darya,Rennison,drennisondi@networksolutions.com,Genderfluid,27.130.115.197,Yucca arkansana Trel.
488,Kacie,Burry,kburrydj@apple.com,Female,252.197.189.43,Bryum marratii Hook. f. & Wilson ex Wilson
489,Gifford,Iori,gioridk@google.com.br,Male,202.183.171.61,×Elyleymus turneri (Lepage) Barkworth & D.R.Dewey
490,Nolan,Wicken,nwickendl@opera.com,Male,134.172.208.211,Adiantum macrophyllum Sw.
491,Cyrillus,McLorinan,cmclorinandm@ebay.co.uk,Male,1.197.167.160,Lysimachia filifolia Forbes
492,Justis,O'Neary,jonearydn@cnbc.com,Male,226.0.255.153,Porpidia tahawasiana Gowan
493,Corrine,Killford,ckillforddo@cargocollective.com,Bigender,61.41.210.136,Ipomoea violacea L.
494,Temp,Treadger,ttreadgerdp@cnbc.com,Male,95.8.205.97,Ceanothus fresnensis Dudley ex Abrams
495,Mal,Coppard,mcopparddq@dmoz.org,Male,85.50.227.11,Leptogium parculum Nyl.
496,Lefty,McNess,lmcnessdr@npr.org,Male,254.40.185.25,Nemophila menziesii Hook. & Arn.
497,Riane,Avramchik,ravramchikds@buzzfeed.com,Female,50.147.225.60,Cladonia humilis (With.) J.R. Laundon
498,Luz,Baswall,lbaswalldt@parallels.com,Female,179.71.251.14,Arnica frigida C.A. Mey. ex Iljin
499,Eustace,Duffree,eduffreedu@nsw.gov.au,Male,18.85.130.73,Brigantiaea leucoxantha (Spreng.) R. Sant. & Hafellner
500,Amalea,Crockatt,acrockattdv@ehow.com,Female,151.57.104.35,Acalypha deamii (Weath.) H.E. Ahles
501,Bernhard,Wharton,bwhartondw@economist.com,Male,6.15.117.168,Eleocharis dulcis (Burm. f.) Trin. ex Henschel
502,Dorolice,Pellissier,dpellissierdx@businesswire.com,Female,47.226.110.91,Lesquerella klausii Rollins
503,Kirstin,Fedynski,kfedynskidy@g.co,Female,192.175.10.121,Rhynchospora fernaldii Gale
504,Nevin,Poli,npolidz@rediff.com,Male,39.231.158.105,Scorzonera laciniata L.
505,Russell,Gong,rgonge0@google.pl,Male,197.13.94.148,Sisyrinchium idahoense E.P. Bicknell
506,Zoe,McDuffy,zmcduffye1@ibm.com,Female,89.122.34.27,Maronea A. Massal.
507,Zollie,Goshawke,zgoshawkee2@is.gd,Male,198.96.173.247,Prunus japonica Thunb.
508,Gael,Okenden,gokendene3@go.com,Male,214.206.51.229,Elymus trachycaulus (Link) Gould ex Shinners ssp. subsecundus (Link) Á. Löve & D. Löve
509,Fina,Writer,fwritere4@themeforest.net,Female,218.110.93.52,Pertusaria trochisea Norman
510,Brucie,Freed,bfreede5@amazon.co.uk,Male,162.102.77.120,Dichanthelium acuminatum (Sw.) Gould & C.A. Clark
511,Mathe,Harbisher,mharbishere6@cocolog-nifty.com,Male,133.187.222.34,Camelina sativa (L.) Crantz ssp. alyssum (Mill.) E. Schmid
512,Berta,Walworth,bwalworthe7@themeforest.net,Female,18.183.37.196,Thermopsis montana Nutt.
513,Durand,Stopher,dstophere8@seattletimes.com,Male,142.220.77.250,Rudbeckia texana (Perdue) P. Cox & Urbatsch
514,Mignonne,Moye,mmoyee9@nytimes.com,Polygender,54.136.10.132,Strobilanthes anisophylla (G. Lodd.) T. Anderson f. isophylla (Nees) J.R.I. Wood
515,Orel,Laffin,olaffinea@flickr.com,Female,244.201.34.66,Thelypteris verecunda Proctor
516,Stearne,Lezemore,slezemoreeb@icio.us,Male,24.9.132.229,Lecanora piniperda Körb.
517,Gracia,Bradwell,gbradwellec@elpais.com,Female,160.61.100.179,Parmeliella Müll. Arg.
518,Jacenta,Champion,jchampioned@pen.io,Female,243.100.208.53,Allocasuarina paludosa (Sieber ex Spreng.) L.A.S. Johnson
519,Cristobal,Matas,cmatasee@yandex.ru,Male,52.231.130.158,Prunus persica (L.) Batsch var. persica
520,Phillie,Idenden,pidendenef@desdev.cn,Female,192.172.230.94,Dovyalis abyssinica (A. Rich.) Warb.
521,Ema,Dealy,edealyeg@fastcompany.com,Female,32.209.71.202,Stephanomeria thurberi A. Gray
522,Briggs,Pascho,bpaschoeh@liveinternet.ru,Male,147.62.44.238,Viola sagittata Aiton
523,Michel,Lorinez,mlorinezei@cbc.ca,Female,90.116.219.217,Monardella purpurea Howell
524,Emogene,Reneke,erenekeej@tmall.com,Female,58.219.158.194,Veronica peregrina L. ssp. peregrina
525,Maryrose,Abriani,mabrianiek@xing.com,Female,48.254.83.88,Magnolia portoricensis Bello
526,Salvador,Aviss,savissel@baidu.com,Male,178.7.231.94,Machaeranthera canescens (Pursh) A. Gray ssp. glabra (A. Gray) B.L. Turner var. nebraskana B.L. Turner
527,Gianni,Eadmead,geadmeadem@opensource.org,Male,255.83.10.16,Hyptis alata (Raf.) Shinners
528,Langsdon,Mauvin,lmauvinen@diigo.com,Male,41.49.156.96,Dalea flavescens (S. Watson) S.L. Welsh
529,Uriel,Brownbill,ubrownbilleo@japanpost.jp,Male,61.243.205.191,Andropogon floridanus Scribn.
530,Mozes,Hunn,mhunnep@feedburner.com,Agender,248.37.20.227,Bromus carinatus Hook. & Arn.
531,Gualterio,Twizell,gtwizelleq@ca.gov,Male,228.121.137.255,Pleopeltis thyssanolepis (A. Braun ex Klotzsch) Andrews & Windham [excluded]
532,Hana,Windley,hwindleyer@utexas.edu,Female,121.19.10.161,Carex ×stenolepis Less.
533,Xylia,Durbridge,xdurbridgees@mysql.com,Female,218.22.184.184,Eriogonum trichopes Torr. var. hooveri Reveal
534,Ferrell,Krolik,fkroliket@plala.or.jp,Male,92.179.177.250,Puccinellia deschampsioides T.J. Sørensen
535,Alessandro,Scanlon,ascanloneu@360.cn,Male,137.142.207.241,Polypremum L.
536,Aleda,Goosey,agooseyev@kickstarter.com,Female,178.30.35.97,Collinsia bartsiifolia Benth.
537,Siegfried,Yearn,syearnew@google.pl,Male,171.64.232.149,Clarkia springvillensis Vasek
538,Hestia,Broadley,hbroadleyex@wunderground.com,Female,116.246.192.88,Parmotrema hababianum (Gyel.) Hale
539,Ardine,Jefferson,ajeffersoney@51.la,Female,81.121.87.135,Proboscidea sabulosa Correll
540,Penny,Dorrity,pdorrityez@squidoo.com,Male,230.76.31.51,Euphorbia corollata L.
541,Dorey,Preator,dpreatorf0@nyu.edu,Female,173.17.105.3,Streptanthus glandulosus Hook. ssp. pulchellus (Greene) Kruckeb.
542,Wadsworth,Darlasson,wdarlassonf1@shareasale.com,Male,141.183.243.102,Lomatium observatorium Constance & Ertter
543,Nickie,Airs,nairsf2@vinaora.com,Male,38.245.63.129,Helodium blandowii (F. Weber & D. Mohr) Warnst.
544,Glendon,Gambrell,ggambrellf3@theguardian.com,Male,110.149.16.175,"Sabatia dodecandra (L.) Britton, Sterns & Poggenb. var. dodecandra"
545,Moshe,Holcroft,mholcroftf4@webnode.com,Male,191.215.209.110,Lupinus excubitus M.E. Jones var. austromontanus (A. Heller) C.P. Sm.
546,Crin,Morteo,cmorteof5@cloudflare.com,Female,124.19.137.58,Sideroxylon alachuense L.C. Anderson
547,Ingar,McElory,imceloryf6@creativecommons.org,Male,253.168.145.127,Stevia plummerae A. Gray
548,Gussi,Tomsa,gtomsaf7@telegraph.co.uk,Female,199.21.108.127,Limnanthes floccosa Howell ssp. bellingeriana (M. Peck) Arroyo
549,Fleming,Skypp,fskyppf8@google.it,Male,49.228.112.38,Symphyotrichum lanceolatum (Willd.) G.L. Nesom ssp. hesperium (A. Gray) G.L. Nesom
550,Hildy,Coventon,hcoventonf9@geocities.jp,Female,194.104.159.11,×Citroncirus webberi J.W. Ingram & H.E. Moore
551,Benedikta,Odgaard,bodgaardfa@wikia.com,Female,255.58.205.43,Trichomanes alatum Sw.
552,Correy,McPeeters,cmcpeetersfb@fotki.com,Male,38.66.246.231,Verbena ehrenbergiana Schauer
553,Natasha,Rosingdall,nrosingdallfc@dedecms.com,Polygender,83.225.15.83,Delphinium andesicola Ewan
554,Binnie,Powling,bpowlingfd@so-net.ne.jp,Female,101.102.165.192,Carex styloflexa Buckley
555,Annmarie,de Villier,adevillierfe@java.com,Female,147.239.161.68,Anacolia menziesii (Turner) Par. var. menziesii
556,Noelle,Sousa,nsousaff@gizmodo.com,Female,79.120.119.124,Vernonia ×dissimilis Gleason (pro sp.)
557,Thorstein,Waggitt,twaggittfg@forbes.com,Male,177.3.54.154,Eriogonum ochrocephalum S. Watson var. calcareum (S. Stokes) M. Peck
558,Willyt,Petworth,wpetworthfh@canalblog.com,Female,136.158.95.57,Sanicula kauaiensis H. St. John
559,Carline,Brandom,cbrandomfi@msu.edu,Female,136.112.53.124,Jamesia tetrapetala N.H. Holmgren & P.K. Holmgren
560,Rubia,Litherborough,rlitherboroughfj@merriam-webster.com,Female,162.97.135.74,Arthonia fissurina Nyl.
561,Syd,Devine,sdevinefk@fc2.com,Genderqueer,164.182.243.3,Melicope volcanica (A. Gray) T.G. Hartley & B.C. Stone
562,Artemis,Vearncomb,avearncombfl@java.com,Male,125.149.91.222,Catillaria leptocheila (Tuck.) Riddle
563,Pate,Domsalla,pdomsallafm@cdc.gov,Male,20.61.240.213,Juncus falcatus E. Mey. ssp. falcatus
564,Alie,Jockle,ajocklefn@taobao.com,Female,155.249.22.103,Physalis hederifolia A. Gray var. fendleri (A. Gray) Cronquist
565,Humfrid,Boyn,hboynfo@ezinearticles.com,Genderqueer,239.10.250.99,Quercus chrysolepis Liebm. var. chrysolepis
566,Albert,Courtes,acourtesfp@mit.edu,Male,47.154.16.140,Quercus fusiformis Small
567,Whitaker,Bradforth,wbradforthfq@independent.co.uk,Male,46.12.222.107,Porpidia zeoroides (Anzi) Knoph & Hertel
568,Hurley,Boome,hboomefr@house.gov,Male,111.74.169.66,Euphorbia helleri Millsp.
569,Gwennie,Ashfold,gashfoldfs@cbsnews.com,Female,91.93.63.78,Polemonium pauciflorum S. Watson ssp. pauciflorum
570,Cathie,Artus,cartusft@yahoo.co.jp,Female,37.240.45.117,Viola ×mollicula House
571,Ody,Godfray,ogodfrayfu@wikia.com,Male,57.167.10.46,Feijoa O. Berg
572,Reeta,Ormrod,rormrodfv@mail.ru,Female,125.113.65.149,Eranthis hyemalis (L.) Salisb.
573,Lilly,Bendig,lbendigfw@thetimes.co.uk,Female,231.130.136.39,Racomitrium canescens (Hedw.) Brid. var. latifolium C.E.O. Jensen
574,Hattie,Howling,hhowlingfx@google.ru,Female,16.184.183.196,Harmonia B.G. Baldw.
575,Jeannette,Cropper,jcropperfy@ucoz.ru,Female,24.17.65.124,Myrsine fosbergii Hosaka
576,Torie,Ellul,tellulfz@netlog.com,Female,83.82.103.85,Megalospora G. Mey.
577,Ofella,Cavozzi,ocavozzig0@networkadvertising.org,Female,75.175.178.6,Polyblastia melaspora (Taylor) Zahlbr.
578,Tadio,Goozee,tgoozeeg1@wordpress.com,Male,22.7.50.94,Triteleia dudleyi Hoover
579,Bartram,Knevet,bknevetg2@reference.com,Male,11.132.210.231,Potamogeton hillii Morong
580,Marita,Goodlip,mgoodlipg3@zdnet.com,Female,44.57.111.83,Prenanthes boottii (DC.) A. Gray
581,Anneliese,Robelet,arobeletg4@weibo.com,Female,5.125.248.83,Phacelia cicutaria Greene var. hispida (A. Gray) J.T. Howell
582,Cara,Gerger,cgergerg5@jalbum.net,Female,79.213.122.142,Linum lewisii Pursh
583,Annamaria,Pepperill,apepperillg6@smugmug.com,Female,86.101.237.248,Lupinus subcarnosus Hook.
584,Elianora,Issacov,eissacovg7@constantcontact.com,Female,34.198.156.116,Homomallium mexicanum Cardot var. mexicanum
585,Orren,Caroli,ocarolig8@bloglines.com,Agender,152.3.254.128,Bryoria subcana (Nyl. ex Stizenb.) Brodo & D. Hawksw.
586,Floris,Scraney,fscraneyg9@theglobeandmail.com,Female,124.168.112.25,Chamaesyce celastroides (Boiss.) Croizat & O. Deg. var. stokesii (Forbes) O. Deg. & I. Deg.
587,Tamma,Capsey,tcapseyga@livejournal.com,Female,32.24.180.31,Hypocenomyce praestabilis (Nyl.) Timdal
588,Alfie,Matusevich,amatusevichgb@gnu.org,Female,108.46.60.251,Calochortus clavatus S. Watson var. clavatus
589,Perry,Lorenzetti,plorenzettigc@microsoft.com,Male,8.161.111.145,Betula ×sandbergii Britton
590,Hillyer,Savege,hsavegegd@biblegateway.com,Male,241.75.100.187,Mucronea californica Benth.
591,Carey,Carlucci,ccarluccige@free.fr,Female,98.134.204.192,Symphyotrichum retroflexum (Lindl. ex DC.) G.L. Nesom
592,Yancy,Fairhead,yfairheadgf@sbwire.com,Male,226.71.189.230,Atriplex glabriuscula Edmondston var. acadiensis (Taschereau) S.L. Welsh
593,Gertrude,Poluzzi,gpoluzzigg@loc.gov,Female,27.21.155.73,Chorizanthe biloba Goodman
594,Bride,Fooks,bfooksgh@i2i.jp,Female,186.87.91.73,Viola pubescens Aiton var. pubescens
595,Damita,Beaufoy,dbeaufoygi@cdbaby.com,Female,56.105.126.69,Myrsine lanaiensis Hillebr.
596,Addie,Cribbins,acribbinsgj@163.com,Male,140.144.182.205,Manihot catingae Ule
597,Elyn,Ringwood,eringwoodgk@netvibes.com,Female,186.201.111.23,Frasera montana Mulford
598,Carlin,Attoe,cattoegl@narod.ru,Male,236.118.92.238,Abies lowiana (Gordon & Glend.) A. Murray bis
599,Adham,Torrecilla,atorrecillagm@hc360.com,Male,122.195.66.81,Cynara scolymus L.
600,Beverlie,Simpson,bsimpsongn@networkadvertising.org,Non-binary,222.241.108.173,Thelypteris angustifolia (Willd.) Proctor
601,Bevin,Tregent,btregentgo@buzzfeed.com,Male,143.117.92.159,Aesculus glabra Willd. var. arguta (Buckley) B.L. Rob.
602,Lazar,Solland,lsollandgp@techcrunch.com,Male,47.242.153.79,Funastrum torreyi (A. Gray) Schltr.
603,Alexis,Blooman,abloomangq@auda.org.au,Female,13.173.22.81,Spigelia hedyotidea A. DC.
604,Vin,Roels,vroelsgr@bluehost.com,Male,218.68.249.47,Buellia elizae (Tuck.) Tuck.
605,Gayle,Gratrix,ggratrixgs@wiley.com,Male,102.236.86.92,Alectoria nigricans (Ach.) Nyl.
606,Daune,Harken,dharkengt@bloglovin.com,Female,40.168.39.126,Leptogium floridanum Sierk
607,Rockwell,Filmer,rfilmergu@indiatimes.com,Male,175.247.176.133,Ipomopsis spicata (Nutt.) V.E. Grant ssp. robruthii Wilken & R.L. Hartm.
608,Duffie,Lytell,dlytellgv@msn.com,Male,40.30.35.91,Pleurochaete squarrosa (Brid.) Lindb.
609,Lyn,Hinnerk,lhinnerkgw@desdev.cn,Male,88.239.66.186,Pyrenula leucostoma Ach.
610,Rachel,Cescot,rcescotgx@ed.gov,Female,48.99.117.133,Camissonia megalantha (Munz) P.H. Raven
611,Gretchen,Rawne,grawnegy@webeden.co.uk,Female,71.94.175.175,Cryptantha creutzfeldtii S.L. Welsh
612,Michele,Watterson,mwattersongz@mozilla.com,Male,39.33.18.164,Potamogeton ×subobtusus Hagstr.
613,Caressa,Paquet,cpaqueth0@java.com,Female,220.118.174.178,Iliamna crandallii (Rydb.) Wiggins
614,Redd,Cannaway,rcannawayh1@mozilla.com,Male,101.234.142.198,Astragalus adanus A. Nelson
615,Grace,Escalero,gescaleroh2@mapquest.com,Genderfluid,171.190.165.234,Pertusaria coriacea (Th. Fr.) Th. Fr.
616,Danita,Teulier,dteulierh3@cafepress.com,Female,91.15.217.195,Chorizanthe corrugata (Torr.) Torr. & A. Gray
617,Torrie,Le Bosse,tlebosseh4@timesonline.co.uk,Female,63.181.226.96,Comarostaphylis diversifolia (Parry) Greene ssp. diversifolia
618,Quintin,Dibson,qdibsonh5@livejournal.com,Male,102.73.191.82,Ilex montana Torr. & A. Gray ex A. Gray
619,Trevar,Percy,tpercyh6@ocn.ne.jp,Male,175.134.63.93,Iris verna L. var. smalliana Fernald ex M.E. Edwards
620,Gert,Fowkes,gfowkesh7@yellowbook.com,Agender,210.84.188.222,Sanicula L.
621,Charo,Georgius,cgeorgiush8@dailymotion.com,Female,130.189.255.18,Cedrela odorata L.
622,Essy,Kemwal,ekemwalh9@smugmug.com,Female,179.103.212.165,Euphrasia suborbicularis P.D. Sell & Yeo
623,Keene,Cutmere,kcutmereha@biglobe.ne.jp,Male,182.240.8.202,Illecebrum verticillatum L.
624,Bax,Habgood,bhabgoodhb@youku.com,Male,61.245.78.2,Carex louisianica L.H. Bailey
625,Eleonora,Bromhead,ebromheadhc@plala.or.jp,Female,118.66.225.109,Parthenium hispidum Raf.
626,Pattie,Ekins,pekinshd@blogs.com,Male,27.57.18.235,"Piptatheropsis shoshoneana (Curto & Douglass M. Hend.) Romasch., P.M. Peterson & R.J. Soreng"
627,Jasen,Yelding,jyeldinghe@princeton.edu,Male,6.178.144.74,Acacia cibaria F. Muell.
628,Albert,Rraundl,arraundlhf@nsw.gov.au,Male,59.37.32.21,Ochroma Sw.
629,Rozamond,Smissen,rsmissenhg@yolasite.com,Female,33.134.128.188,Amyris texana (Buckley) P. Wilson
630,Kris,Perschke,kperschkehh@google.ca,Male,133.10.197.154,Quercus ×hastingsii Sarg.
631,Alberto,Breheny,abrehenyhi@naver.com,Male,180.142.53.218,Hymenaea L.
632,Tasha,McMychem,tmcmychemhj@blogtalkradio.com,Female,154.147.152.132,Cojoba arborea (L.) Britton & Rose
633,Stephani,Syred,ssyredhk@jiathis.com,Female,98.95.6.77,Viola affinis Leconte
634,Giorgio,Juan,gjuanhl@imageshack.us,Male,183.90.127.220,Cyrtandra ×atomigyna H. St. John & Storey (pro sp.)
635,Brewster,Ciciura,bciciurahm@so-net.ne.jp,Male,39.218.198.148,Argyrochosma microphylla (Mett. ex Kuhn) Windham
636,Drud,Jachimak,djachimakhn@telegraph.co.uk,Male,41.252.201.10,Ptilagrostis porteri (Rydb.) W.A. Weber
637,Ferdie,Tison,ftisonho@ed.gov,Male,162.30.231.55,Campanula aparinoides Pursh
638,Udell,Sumner,usumnerhp@networkadvertising.org,Male,251.91.65.213,Pritchardia viscosa Rock
639,Petronella,Senussi,psenussihq@github.io,Female,50.167.251.85,Muhlenbergia macroura (Kunth) Hitchc.
640,Minette,Cooke,mcookehr@army.mil,Female,2.14.28.23,Philadelphus zelleri Hu
641,Marita,Holton,mholtonhs@scientificamerican.com,Female,137.33.111.40,Agalinis Raf.
642,Ambrosio,Trebbett,atrebbettht@marketwatch.com,Male,44.60.223.185,Bryoria pikei Brodo & D. Hawksw.
643,Dunc,Davis,ddavishu@bing.com,Agender,113.186.140.163,Cyperus flexuosus Vahl
644,Munroe,Torbet,mtorbethv@posterous.com,Male,134.203.56.86,Astragalus missouriensis Nutt.
645,Burke,Cutford,bcutfordhw@ycombinator.com,Male,211.90.146.129,Cicuta maculata L. var. victorinii (Fernald) B. Boivin
646,Margo,Chipchase,mchipchasehx@gov.uk,Female,134.97.0.196,Nicotiana acuminata (Graham) Hook. var. acuminata (Graham) Hook. [excluded]
647,Addi,Currell,acurrellhy@aboutads.info,Female,220.25.100.52,Tortula ammonsiana H.A. Crum & L.E. Anderson
648,Kaine,Kytter,kkytterhz@usatoday.com,Male,45.101.142.188,Delphinium recurvatum Greene
649,Ber,Thompstone,bthompstonei0@instagram.com,Male,254.165.219.71,Allium geyeri S. Watson var. chatterleyi S.L. Welsh
650,Moira,Kydd,mkyddi1@livejournal.com,Female,105.87.48.30,Xanthoparmelia subdecipiens (Vain.) Hale
651,Brigitte,Rishworth,brishworthi2@unicef.org,Genderqueer,74.133.32.93,Melaleuca acuminata F. Muell.
652,Danna,Crowder,dcrowderi3@webmd.com,Female,110.16.229.173,Pentachaeta exilis (A. Gray) A. Gray
653,Gwenni,Comport,gcomporti4@angelfire.com,Polygender,239.245.105.203,Solidago hispida Muhl. ex Willd. var. hispida
654,Mora,Iianon,miianoni5@hud.gov,Female,138.173.102.68,Ulmus rubra Muhl.
655,Julissa,Walkley,jwalkleyi6@a8.net,Female,39.168.93.94,Margaritaria nobilis L. f.
656,Ninette,Coolbear,ncoolbeari7@mediafire.com,Female,13.105.179.130,Phaulothamnus A. Gray
657,Maria,Caldairou,mcaldairoui8@cbsnews.com,Female,16.42.218.148,Placidiopsis Beltr.
658,Vanda,Kenworthey,vkenwortheyi9@canalblog.com,Female,252.34.231.51,Cheirodendron trigynum (Gaudich.) A. Heller ssp. helleri (Sherff) Lowry
659,Philip,Deares,pdearesia@prlog.org,Male,27.172.5.114,Andreaea crassinervia Bruch
660,Elsa,Sleany,esleanyib@mozilla.com,Female,131.58.108.193,Dennstaedtia cicutaria (Sw.) T. Moore
661,Rivi,Beneteau,rbeneteauic@twitpic.com,Genderfluid,111.200.235.33,Castilleja densiflora (Benth.) T.I. Chuang & Heckard
662,Marlee,Durnall,mdurnallid@t-online.de,Female,171.21.181.124,Arachis monticola Krapov. & Rigoni
663,Aguistin,Suffe,asuffeie@oaic.gov.au,Bigender,13.25.14.88,Bryonora Poelt
664,Arvie,Linacre,alinacreif@census.gov,Male,86.240.115.103,Graphis scripta (L.) Ach.
665,Page,Gabbatt,pgabbattig@amazon.co.jp,Female,139.239.184.173,Juniperus ashei J. Buchholz
666,Gerrie,Dillicate,gdillicateih@imageshack.us,Male,247.239.182.1,Lobelia kauaensis (A. Gray) A. Heller
667,Theo,Bengtson,tbengtsonii@imgur.com,Male,208.126.121.34,Astragalus nuttallianus DC. var. imperfectus (Rydb.) Barneby
668,Ashby,Gierhard,agierhardij@parallels.com,Male,205.39.184.20,Paspalidium geminatum (Forssk.) Stapf var. paludivagum (Hitchc. & Chase) Gould
669,Stewart,Dyott,sdyottik@whitehouse.gov,Male,12.107.37.106,Carex bullata Schkuhr ex Willd.
670,Glenden,Stanyer,gstanyeril@state.gov,Male,17.9.74.221,Silphium glutinosum J. Allison
671,Hastings,Inkin,hinkinim@twitter.com,Male,193.113.9.44,Oxytropis besseyi (Rydb.) Blank.
672,Manfred,MacCague,mmaccaguein@wordpress.org,Male,170.10.169.88,Lecanora rupicola (L.) Zahlbr.
673,Tyson,Verson,tversonio@amazon.com,Male,90.252.160.116,Feijoa sellowiana (O. Berg) O. Berg
674,Bobby,Saltrese,bsaltreseip@technorati.com,Polygender,139.177.155.60,Ongokea gore (Hua) Pierre
675,Hercule,Nulty,hnultyiq@who.int,Male,45.84.24.196,Renealmia jamaicensis (Gaertn.) Horan. var. puberula (Gagnep.) Maas
676,Jayme,Harmant,jharmantir@dropbox.com,Male,57.69.11.33,Lathyrus laetivirens Greene ex Rydb.
677,Gabriel,Yo,gyois@163.com,Non-binary,214.55.37.77,Calystegia subacaulis Hook. & Arn. ssp. subacaulis
678,Anton,Seed,aseedit@mlb.com,Male,63.174.246.124,Potentilla biennis Greene
679,Etheline,Fouracres,efouracresiu@vinaora.com,Female,94.212.182.13,Eriophorum scheuchzeri Hoppe
680,Nerte,Eiler,neileriv@com.com,Female,155.45.60.104,Senecio aphanactis Greene
681,Nelia,Bunny,nbunnyiw@biglobe.ne.jp,Genderqueer,176.60.121.119,Verbesina aristata (Elliott) A. Heller
682,Rayna,Reder,rrederix@aol.com,Female,123.231.121.34,Eleocharis microcarpa Torr.
683,Umeko,Fildes,ufildesiy@cyberchimps.com,Female,7.138.59.3,Papaver macounii Greene
684,Gorden,Coulman,gcoulmaniz@statcounter.com,Male,185.41.104.205,Potamogeton clystocarpus Fernald
685,Alick,Beebee,abeebeej0@archive.org,Male,125.7.83.19,Pediomelum hypogaeum (Nutt. ex Torr. & A. Gray) Rydb. var. subulatum (Bush) J. Grimes
686,North,Camilli,ncamillij1@reference.com,Male,202.116.232.93,Rhynchospora harveyi W. Boott var. harveyi
687,Sidnee,McKinnell,smckinnellj2@ucsd.edu,Male,213.72.30.110,Abutilon hypoleucum A. Gray
688,Belva,Perford,bperfordj3@princeton.edu,Female,239.222.119.169,Lupinus subvexus C.P. Sm.
689,Beauregard,Warbrick,bwarbrickj4@guardian.co.uk,Male,17.12.161.175,Carex albonigra Mack.
690,Lazaro,Matton,lmattonj5@huffingtonpost.com,Male,50.15.61.52,Townsendia alpigena Piper var. minima (Eastw.) Dorn
691,Dari,Linden,dlindenj6@ycombinator.com,Female,116.156.103.43,Medinilla venosa (Blume) Blume
692,Mervin,Camplen,mcamplenj7@fema.gov,Male,106.112.166.114,Eriogonum pauciflorum Pursh var. gnaphalodes (Benth.) Reveal
693,Brigitta,Nise,bnisej8@scribd.com,Female,102.215.3.196,Scirpus pendulus Muhl.
694,Roanna,Colisbe,rcolisbej9@clickbank.net,Female,196.74.112.69,Carex hendersonii L.H. Bailey
695,Dorie,Giorgeschi,dgiorgeschija@state.tx.us,Female,229.64.243.35,Delphinium californicum Torr. & A. Gray
696,Steve,Gelder,sgelderjb@php.net,Male,230.18.118.1,Rhynchospora globularis (Chapm.) Small var. saxicola (Small) Kük.
697,Demott,Gillings,dgillingsjc@acquirethisname.com,Male,238.126.124.12,Mimulus floribundus Lindl.
698,Gerik,Avramchik,gavramchikjd@umich.edu,Male,0.87.200.58,Stephanomeria exigua Nutt. ssp. macrocarpa Gottlieb
699,Karisa,Ganderton,kgandertonje@nyu.edu,Female,155.202.128.47,Eupatorium ×pinnatifidum Elliott
700,Robinetta,Pardoe,rpardoejf@tripadvisor.com,Female,75.253.235.60,Carex duriuscula C.A. Mey.
701,George,Crudginton,gcrudgintonjg@tinyurl.com,Non-binary,182.23.199.101,Nicotiana forgetiana Hort. ex Hemsl.
702,Lenci,Harradine,lharradinejh@statcounter.com,Male,171.186.113.6,Psorotichia segregata (Nyl.) Hasse
703,Donny,Hatchett,dhatchettji@netlog.com,Female,225.208.152.9,Polygonum virginianum L.
704,Cecilio,Toope,ctoopejj@webeden.co.uk,Male,159.157.126.220,Caloplaca vicaria H. Magn.
705,Tammara,Gascoyne,tgascoynejk@etsy.com,Female,136.238.12.200,Ornithogalum pyrenaicum L.
706,Annice,MacRedmond,amacredmondjl@si.edu,Female,253.55.229.150,Cymopterus glaucus Nutt.
707,Lilian,Fogel,lfogeljm@infoseek.co.jp,Female,103.81.225.75,Crataegus erythropoda Ashe
708,Charleen,Meharry,cmeharryjn@gnu.org,Female,9.140.56.83,Madia Molina
709,Inness,Doerr,idoerrjo@icio.us,Male,138.34.208.97,Nadvornikia hawaiensis (Tuck.) Tibell
710,Megen,Bendell,mbendelljp@jiathis.com,Female,12.203.225.252,Bryum algovicum Sendtn. ex Müll. Hal. var. rutheanum (Warnst.) Crundw.
711,Biron,Huett,bhuettjq@cyberchimps.com,Male,122.216.61.219,Correa backhousiana Hook.
712,Corette,Bridywater,cbridywaterjr@home.pl,Female,40.154.214.251,Rubus tomentosus Borkh. var. canescens Wirtg.
713,Tripp,Peschka,tpeschkajs@geocities.com,Male,136.198.101.212,Sphenosciadium A. Gray
714,Brett,Easeman,beasemanjt@123-reg.co.uk,Male,106.180.102.71,Cocos L.
715,Janenna,Hofton,jhoftonju@toplist.cz,Female,229.3.236.136,Gypsophila cerastoides D. Don
716,Mauricio,Linnell,mlinnelljv@jalbum.net,Male,28.128.22.77,Pedicularis howellii A. Gray
717,Stace,Crummey,scrummeyjw@globo.com,Female,189.89.127.104,Schiedea hawaiiensis Hillebr.
718,Rosamond,Samett,rsamettjx@soup.io,Female,237.96.232.247,Phanerophlebia auriculata Underw.
719,Dominick,Sherringham,dsherringhamjy@theatlantic.com,Non-binary,211.25.124.9,Ageratina shastensis (D.W. Taylor & Stebbins) R.M. King & H. Rob.
720,Stu,Chowne,schownejz@goo.gl,Male,203.3.118.21,Cypripedium californicum A. Gray
721,Andy,Parsons,aparsonsk0@washingtonpost.com,Polygender,140.10.102.171,Sagina maxima A. Gray ssp. crassicaulis (S. Watson) Crow
722,Carr,Blann,cblannk1@meetup.com,Male,199.29.39.223,Chorizanthe xanti S. Watson var. xanti
723,Ted,Thairs,tthairsk2@4shared.com,Genderqueer,125.15.13.21,Astragalus nuttallianus DC. var. micranthiformis Barneby
724,Roze,Kliche,rklichek3@businesswire.com,Polygender,22.27.157.171,Syagrus coronata (Mart.) Becc.
725,Nikola,Tabbernor,ntabbernork4@redcross.org,Male,130.180.131.21,Eriogonum natum Reveal
726,Gerardo,McCarly,gmccarlyk5@nyu.edu,Male,52.214.124.21,Castilleja nivea Pennell & Ownbey
727,Freddie,Basford,fbasfordk6@un.org,Polygender,117.84.226.12,Hemerocallis L.
728,Farlie,Creaney,fcreaneyk7@disqus.com,Male,212.238.240.115,Tuctoria greenei (Vasey) J. Reeder
729,Hector,Suddock,hsuddockk8@chicagotribune.com,Male,85.181.76.49,Eragrostis cumingii Steud.
730,Sauveur,Blinckhorne,sblinckhornek9@homestead.com,Male,64.199.22.166,Macaranga Thouars
731,Paula,Bubbins,pbubbinska@vk.com,Female,250.113.35.59,Crepis runcinata (James) Torr. & A. Gray
732,Francine,Wagge,fwaggekb@springer.com,Female,50.185.102.224,Hohenbergia Schult. ex Schult. & Schult. f.
733,Henrie,Lettice,hletticekc@un.org,Female,142.67.111.78,Keckiella corymbosa (Benth. ex A. DC.) Straw
734,My,Gay,mgaykd@oakley.com,Male,125.124.206.120,Ruellia caroliniensis (J.F. Gmel.) Steud. ssp. ciliosa (Pursh) R.W. Long var. heteromorpha (Fernald) R.W. Long
735,Normie,Gleadhall,ngleadhallke@columbia.edu,Male,176.55.48.207,Mycoporum compositum (A. Massal.) R.C. Harris
736,Pegeen,Enders,penderskf@hibu.com,Female,108.17.54.38,Sideroxylon cubense (Griseb.) T.D. Penn.
737,Mendy,Simla,msimlakg@blinklist.com,Male,102.250.2.179,Eriogonum strictum Benth. ssp. proliferum (Torr. & A. Gray) S. Stokes
738,Nealon,Kevlin,nkevlinkh@quantcast.com,Male,66.35.83.7,Bothriochloa pertusa (L.) A. Camus
739,Yurik,Kernes,ykerneski@about.com,Male,100.227.151.124,Echinocereus ×roetteri (Englem.) Rumpler  ×roetteri 
740,Mirelle,Edghinn,medghinnkj@elegantthemes.com,Female,61.27.52.136,Rytidosperma pilosum (R. Br.) Connor & Edgar
741,Thorin,Mapletoft,tmapletoftkk@ovh.net,Agender,215.139.0.151,Matelea obliqua (Jacq.) Woodson
742,Any,Pandya,apandyakl@people.com.cn,Male,42.31.65.244,Lecanora caesiorubella Ach. ssp. prolifera (Fink) R.C. Harris
743,Reinhold,Cunliffe,rcunliffekm@shinystat.com,Male,178.179.172.150,Xanthoria parietina (L.) Th. Fr.
744,Candy,Zmitruk,czmitrukkn@blogger.com,Polygender,83.186.182.86,Silene clokeyi C.L. Hitchc. & Maguire
745,Ulick,Broadway,ubroadwayko@webnode.com,Male,226.16.202.247,Viola ×davisii House
746,Gerry,Kobierzycki,gkobierzyckikp@uol.com.br,Polygender,93.100.205.26,Pyrenula falsaria (Zahlbr.) R.C. Harris
747,Vilma,Davall,vdavallkq@msu.edu,Female,243.20.180.84,Tuckermannopsis Gyel.
748,Rutledge,Juorio,rjuoriokr@patch.com,Male,93.14.156.17,Polygonum hickmanii H. Hinds & R. Morgan
749,Gib,Makin,gmakinks@omniture.com,Male,23.186.229.130,Anthurium dominicense Schott
750,Louisa,Paxforde,lpaxfordekt@prweb.com,Female,52.154.104.208,Salvia splendens Sellow ex Roem. & Schult.
751,Dwain,Mather,dmatherku@vk.com,Male,176.68.57.46,Castilleja minor (A. Gray) A. Gray ssp. spiralis (Jeps.) T.I. Chuang & Heckard
752,Barby,Wolfendale,bwolfendalekv@bloglines.com,Female,156.131.212.225,Larix laricina (Du Roi) K. Koch
753,Bonni,Harvie,bharviekw@globo.com,Female,214.213.67.19,Orthotrichum rivulare Turner
754,Wrennie,Trelevan,wtrelevankx@taobao.com,Female,211.200.124.78,Rigiopappus leptocladus A. Gray
755,Gaynor,Dulwich,gdulwichky@infoseek.co.jp,Female,94.170.175.236,Senna occidentalis (L.) Link
756,Conny,Fairbeard,cfairbeardkz@shinystat.com,Male,169.251.236.21,Lagophylla ramosissima Nutt. ssp. ramosissima
757,Nert,Blowfelde,nblowfeldel0@unesco.org,Female,61.198.117.88,Pedicularis cystopteridifolia Rydb.
758,Arri,Ramplee,arampleel1@furl.net,Male,199.176.216.88,Leptogium appalachense Nyl.
759,Randy,Braime,rbraimel2@slideshare.net,Male,59.67.186.176,Carex glaucescens Elliott
760,Johann,Abate,jabatel3@google.pl,Male,46.59.194.131,Aconitum napellus L.
761,Emili,Tidbury,etidburyl4@godaddy.com,Female,110.138.133.105,Serjania polyphylla (L.) Radlk.
762,Donal,Dalwood,ddalwoodl5@apache.org,Male,152.11.104.46,Halesia tetraptera Ellis var. monticola (Rehder) Reveal & Seldin
763,Ode,Wistance,owistancel6@nbcnews.com,Male,105.201.255.225,Lesquerella lindheimeri (A. Gray) S. Watson
764,Gregorio,Coughtrey,gcoughtreyl7@jugem.jp,Male,38.198.93.30,Vitex trifolia L. var. trifolia
765,Heywood,Sipson,hsipsonl8@nba.com,Male,202.151.165.161,Heterotheca stenophylla (A. Gray) Shinners var. stenophylla
766,Gayla,Wadesworth,gwadesworthl9@arstechnica.com,Female,74.225.195.35,Rubus glaucifolius Kellogg
767,Lib,Figures,lfiguresla@va.gov,Female,220.76.125.190,Stellaria crassifolia Ehrh. var. eriocalycina Schischkin
768,Dniren,Rait,draitlb@paginegialle.it,Female,45.44.86.113,Sanicula graveolens Poepp. ex DC.
769,Charity,Sicily,csicilylc@flavors.me,Female,26.139.18.64,Prosopis juliflora (Sw.) DC.
770,Vic,Figgins,vfigginsld@e-recht24.de,Male,124.26.112.189,Wisteria ×formosa Rehder
771,Caspar,Lorraine,clorrainele@instagram.com,Male,159.59.170.204,Athelia epiphylla Pers.
772,Carolina,Vinter,cvinterlf@topsy.com,Female,145.239.127.125,Ericameria parryi (A. Gray) G.L. Nesom & Baird var. nevadensis (A. Gray) G.L. Nesom & Baird
773,Brandie,Mewis,bmewislg@chronoengine.com,Female,112.72.152.21,Microseris bigelovii (A. Gray) Sch. Bip.
774,Darrel,Crathorne,dcrathornelh@imdb.com,Agender,151.91.193.197,Pectis carthusianorum Less.
775,Clem,Hanshawe,chanshaweli@phpbb.com,Male,21.49.139.107,Sparganium emersum Rehmann
776,Lyman,Kleinhaut,lkleinhautlj@myspace.com,Male,28.115.21.65,Polygonum douglasii Greene ssp. majus (Meisn.) J.C. Hickman
777,Jedediah,Farthin,jfarthinlk@reverbnation.com,Male,228.25.7.91,Holocarpha heermannii (Greene) D.D. Keck
778,Van,Gonnard,vgonnardll@sitemeter.com,Male,213.152.50.148,Micrandra minor Benth.
779,Eddy,Stroban,estrobanlm@cbc.ca,Male,88.216.234.67,Cirriphyllum piliferum (Hedw.) Grout
780,Janine,Deverson,jdeversonln@newyorker.com,Female,201.168.228.71,Ranunculus macauleyi A. Gray var. brandegeei L.D. Benson
781,Ryun,Pilley,rpilleylo@ucla.edu,Male,121.196.144.48,Camptotheca acuminata Decne.
782,Ahmed,Haydn,ahaydnlp@wired.com,Male,109.22.25.46,Kyllinga squamulata Thonn. ex Vahl
783,Donal,Edmondson,dedmondsonlq@nymag.com,Male,233.211.245.161,Delphinium hesperium A. Gray ssp. hesperium
784,Baryram,Thaim,bthaimlr@google.it,Male,97.235.237.161,Molinia caerulea (L.) Moench
785,Gracia,Berthome,gberthomels@nps.gov,Agender,141.47.36.38,Lobelia ×speciosa Sweet var. speciosa
786,Konstanze,Lyon,klyonlt@liveinternet.ru,Female,79.22.116.117,Phacelia bakeri (Brand) J.F. Macbr.
787,Daphene,Struis,dstruislu@ihg.com,Female,14.224.253.66,Senna roemeriana (Scheele) Irwin & Barneby
788,Dacie,Cheves,dcheveslv@dot.gov,Female,175.37.125.132,Linum sulcatum Riddell var. sulcatum
789,Hagan,Lis,hlislw@mashable.com,Polygender,212.48.176.249,Eriogonum wrightii Torr. ex Benth. var. olanchense (J.T. Howell) Reveal
790,Brook,Duchatel,bduchatellx@list-manage.com,Male,221.167.81.116,Braya glabella Richardson ssp. prostrata J.G. Harris
791,Shane,Machen,smachenly@pbs.org,Male,193.255.156.17,Sphaeralcea coccinea (Nutt.) Rydb.
792,Brandy,Handrick,bhandricklz@cnet.com,Agender,79.45.21.156,Succisella G. Beck
793,Wandie,Franzettoini,wfranzettoinim0@storify.com,Female,220.22.50.252,Verrucaria melas Herre
794,Kit,Pether,kpetherm1@arizona.edu,Female,39.132.14.111,Oenothera fruticosa L. ssp. fruticosa
795,Horten,Castelow,hcastelowm2@disqus.com,Male,63.172.120.237,Lathyrus nevadensis S. Watson ssp. lanceolatus (Howell) C.L. Hitchc.
796,Glenn,Kurdani,gkurdanim3@webs.com,Male,65.116.56.102,Amblystegium varium (Hedw.) Lindb.
797,Daisi,Siggins,dsigginsm4@prnewswire.com,Female,158.192.114.186,Fellhanera bouteillei (Desmaz.) Vezda
798,Zsazsa,Braidman,zbraidmanm5@myspace.com,Female,89.60.12.19,Bidens reptans (L.) G. Don
799,Agace,Maudlin,amaudlinm6@squarespace.com,Female,76.213.180.26,Lecanora argopholis (Ach.) Ach.
800,Candra,Abbiss,cabbissm7@umn.edu,Female,208.16.114.255,Platydesma spathulata (A. Gray) B.C. Stone
801,Marcelo,Kerbler,mkerblerm8@scientificamerican.com,Male,132.211.235.204,Anelsonia J.F. Macbr. & Payson
802,Bay,Gratten,bgrattenm9@dyndns.org,Agender,17.130.174.138,Gymnocarpium Newman
803,Mair,Keyes,mkeyesma@about.com,Female,157.255.17.62,Fellhanera bouteillei (Desmaz.) Vezda
804,Harmony,Noor,hnoormb@businessweek.com,Female,140.116.161.209,Eragrostis elongata (Willd.) Jacq. f.
805,Dorri,Benne,dbennemc@google.com.hk,Female,135.11.118.188,Pappophorum pappiferum (Lam.) Kuntze
806,Candra,Cruces,ccrucesmd@opensource.org,Bigender,116.3.236.119,Astrolepis sinuata (Lag. ex Sw.) Benham & Windham ssp. mexicana Benham
807,Binny,Foulger,bfoulgerme@umn.edu,Female,101.34.67.90,Celtis tournefortii Lam.
808,Raye,Garstang,rgarstangmf@fc2.com,Female,119.192.220.179,Hygrohypnum smithii (Sw. Broth.
809,Mame,Farney,mfarneymg@tripod.com,Female,247.168.179.105,Eriogonum tenellum Torr. var. tenellum
810,Yvor,Gosson,ygossonmh@jigsy.com,Male,173.191.199.251,Bobea elatior Gaudich.
811,Teressa,Dullingham,tdullinghammi@engadget.com,Female,242.114.212.139,Plagiobryum Lindb.
812,Demetris,Humes,dhumesmj@sakura.ne.jp,Female,217.39.194.172,Aeschynomene aspera L.
813,Genny,Di Biasio,gdibiasiomk@senate.gov,Female,10.113.74.155,Parmentiera cereifera Seem.
814,Yehudi,Limbourne,ylimbourneml@uiuc.edu,Male,238.20.90.243,Streptanthus lemmonii S. Watson
815,Sorcha,Freyne,sfreynemm@mozilla.com,Female,234.170.209.141,Lupinus evermannii Rydb.
816,Wynn,Scowen,wscowenmn@istockphoto.com,Male,159.140.126.240,Geum laciniatum Murray var. trichocarpum Fernald
817,Lyndsie,Edling,ledlingmo@tripod.com,Female,153.50.2.161,Crataegus jonesiae Sarg.
818,Engracia,Goadsby,egoadsbymp@soundcloud.com,Female,254.188.71.20,Ocotea nemodaphne Mez
819,Myranda,Gehricke,mgehrickemq@seattletimes.com,Female,111.249.4.248,Funaria americana Lindb.
820,Aldus,Bernat,abernatmr@adobe.com,Male,156.250.184.240,Leucodon brachypus Brid. var. andrewsianus H.A. Crum & L.E. Anderson
821,Grantham,Guiduzzi,gguiduzzims@yelp.com,Polygender,14.46.19.125,Gayophytum decipiens F.H. Lewis & Szweykowski
822,Axe,Bloschke,abloschkemt@reuters.com,Polygender,32.10.231.164,Rudbeckia hirta L.
823,Darryl,Erridge,derridgemu@newyorker.com,Male,190.33.246.106,Eriogonum lancifolium Reveal & Brotherson
824,Cicily,Darnbrough,cdarnbroughmv@wordpress.org,Female,217.104.102.216,Spergularia macrotheca (Hornem.) Heynh. var. longistyla R.P. Rossb.
825,Giacomo,Bercher,gberchermw@cbc.ca,Male,53.13.53.61,Racomitrium aquaticum (Brid. ex Schrad.) Brid.
826,Maitilde,Gamil,mgamilmx@sun.com,Female,226.215.148.189,Prosopis laevigata (Humb. & Bonpl. ex Willd.) M.C. Johnst.
827,Berkie,Hardacre,bhardacremy@census.gov,Male,57.224.130.158,Atriplex littoralis L.
828,Emilia,Jenner,ejennermz@elpais.com,Female,147.53.185.255,Striga asiatica (L.) Kuntze
829,Jesus,Velte,jvelten0@engadget.com,Male,145.195.142.148,Dichanthium annulatum (Forssk.) Stapf var. papillosum (Hochst. ex A. Rich.) de Wet & J.R. Harlan
830,Joelle,Livett,jlivettn1@about.me,Bigender,167.155.211.100,Pentapetes L.
831,Uri,Headan,uheadann2@guardian.co.uk,Male,85.164.45.113,Psychotria hexandra H. Mann ssp. hexandra var. kealiae Fosberg
832,Adelaide,Hullah,ahullahn3@godaddy.com,Female,255.171.32.249,Carex lugens T. Holm
833,Jarad,Duerden,jduerdenn4@goodreads.com,Male,116.216.166.60,Anisomeridium tamarindi (Fée) R.C. Harris
834,Lucilia,Heinl,lheinln5@prweb.com,Female,171.218.154.59,Scutellaria altissima L.
835,Mallory,Ghost,mghostn6@360.cn,Male,80.34.10.96,Vallisneria L.
836,Orland,Addyman,oaddymann7@nsw.gov.au,Male,28.25.98.0,Leucophyllum frutescens (Berl.) I.M. Johnst.
837,Braden,Burtenshaw,bburtenshawn8@elegantthemes.com,Male,1.8.90.159,"Carex juniperorum Catling, Reznicek & Crins"
838,Goldarina,Grzeszczak,ggrzeszczakn9@163.com,Female,54.9.157.137,Stephanomeria exigua Nutt. ssp. exigua
839,Desmund,Biaggetti,dbiaggettina@amazon.co.uk,Male,19.82.114.174,Psorothamnus thompsoniae (Vail) S.L. Welsh & N.D. Atwood var. thompsoniae
840,Alfred,Baseley,abaseleynb@bravesites.com,Male,150.190.159.107,Brighamia rockii H. St. John
841,Barry,Summons,bsummonsnc@constantcontact.com,Male,167.149.168.128,Toxicodendron diversilobum (Torr. & A. Gray) Greene
842,Bobbi,Bagg,bbaggnd@china.com.cn,Bigender,100.31.177.118,Cordia obliqua Willd.
843,Aila,Vedyasov,avedyasovne@aol.com,Female,166.77.53.46,Oxyspora paniculata (D. Don) DC.
844,Spike,Ridewood,sridewoodnf@dyndns.org,Male,199.96.49.103,Acarospora heufleriana Körb.
845,Flem,Timbrell,ftimbrellng@unblog.fr,Male,42.231.99.41,Acer glabrum Torr.
846,Quincey,Mortimer,qmortimernh@deliciousdays.com,Male,174.66.70.13,Reynoldsia sandwicensis A. Gray
847,Jacquette,Jeanon,jjeanonni@dagondesign.com,Female,35.131.46.245,Lomatium dissectum (Nutt.) Mathias & Constance
848,Deirdre,Tiltman,dtiltmannj@tmall.com,Female,160.39.122.218,Phaeorrhiza H. Mayrh. & Poelt
849,Gaston,Drescher,gdreschernk@skyrock.com,Male,35.162.189.161,Hackelia amethystina J.T. Howell
850,Lisetta,Muspratt,lmusprattnl@cbc.ca,Female,169.242.241.83,Solorinella Anzi
851,Eleanora,Vaan,evaannm@google.cn,Female,129.112.248.155,Chamaecrista nictitans (L.) Moench ssp. nictitans
852,Merill,Clemmen,mclemmennn@cmu.edu,Male,111.12.118.44,Astragalus sparsiflorus A. Gray var. sparsiflorus
853,Giuseppe,Creak,gcreakno@tinypic.com,Male,213.173.105.186,Otholobium Stirt.
854,Gifford,MacColl,gmaccollnp@gmpg.org,Male,110.221.111.67,Blyxa Noronha ex Thouars
855,Natty,Zottoli,nzottolinq@npr.org,Male,179.51.214.197,Rubus glandicaulis Blanch.
856,Gleda,Esberger,gesbergernr@pagesperso-orange.fr,Female,161.8.142.200,Rubus leucodermis Douglas ex Torr. & A. Gray
857,Braden,Basek,bbasekns@guardian.co.uk,Male,38.201.227.177,Desfontainia spinosa Ruiz & Pav.
858,Forbes,Schruur,fschruurnt@berkeley.edu,Non-binary,44.86.198.223,Eucalyptus woodwardii Maiden
859,Galven,Swedeland,gswedelandnu@tuttocitta.it,Male,136.160.204.202,Stanleya pinnata (Pursh) Britton
860,Gino,Langthorne,glangthornenv@foxnews.com,Male,41.41.35.19,Verrucaria aquilella Nyl.
861,Malissa,Emmot,memmotnw@is.gd,Female,40.219.181.95,Draba asprella Greene var. zionensis (C.L. Hitchc.) S.L. Welsh & Reveal
862,Caresa,Woolhouse,cwoolhousenx@cbslocal.com,Female,58.148.93.219,Physostegia leptophylla Small
863,Aurelie,Bertelmot,abertelmotny@themeforest.net,Female,216.227.123.24,Rumex patientia L.
864,Thibaut,Terry,tterrynz@facebook.com,Male,127.73.244.157,Delphinium alpestre Rydb.
865,Carry,Poland,cpolando0@simplemachines.org,Female,224.186.207.157,Mentzelia humilis (A. Gray) J. Darl. var. humilis
866,Gustave,Sallans,gsallanso1@sciencedaily.com,Male,202.170.55.213,Erigeron hessii G.L. Nesom
867,Reena,Brisco,rbriscoo2@kickstarter.com,Female,73.133.64.177,Malvastrum A. Gray
868,Antone,Kyrkeman,akyrkemano3@aol.com,Male,2.146.127.30,Salvia chapmanii A. Gray
869,Andras,Shalders,ashalderso4@sfgate.com,Genderqueer,75.128.98.255,Heterotheca stenophylla (A. Gray) Shinners var. stenophylla
870,Elisabet,Raccio,eraccioo5@hubpages.com,Female,159.67.219.164,Freycinetia ponapensis Martelli
871,Concettina,Bartolic,cbartolico6@pcworld.com,Female,65.41.185.139,Fimbristylis perpusilla Harper ex Small & Britton
872,Arlie,Bengle,abengleo7@qq.com,Female,136.176.131.244,Carex vaginata Tausch
873,Seumas,Cheetam,scheetamo8@topsy.com,Male,55.167.173.182,Dryopteris tenebrosa W.H. Wagner
874,Ulla,Keener,ukeenero9@patch.com,Female,131.56.71.86,Erigeron rhizomatus Cronquist
875,Joachim,Blaza,jblazaoa@biglobe.ne.jp,Male,182.51.37.130,Aiphanes Willd.
876,Smith,Conningham,sconninghamob@house.gov,Male,25.15.238.199,Cladonia perlomera Kristinsson
877,Luca,Hatfield,lhatfieldoc@typepad.com,Male,163.69.123.119,Forestiera angustifolia Torr.
878,Joelle,Caple,jcapleod@prnewswire.com,Female,216.35.178.225,Cinclidium Sw.
879,Kit,Yvon,kyvonoe@vimeo.com,Female,84.170.4.47,Sclerocactus mesae-verdae (Boissev. & C. Davidson) L.D. Benson
880,Temp,Tuberfield,ttuberfieldof@symantec.com,Male,120.91.176.222,Boehmeria nivea (L.) Gaudich.
881,Nonah,Novotna,nnovotnaog@shareasale.com,Genderfluid,244.156.112.242,Dichanthium sericeum (R. Br.) A. Camus
882,Antonetta,De Mattei,adematteioh@wufoo.com,Female,31.229.156.170,Astragalus lentiginosus Douglas ex Hook. var. diphysus (A. Gray) M.E. Jones
883,Cordelia,Spry,cspryoi@craigslist.org,Female,68.155.199.233,Vicia lathyroides L.
884,Ansley,Treves,atrevesoj@blogspot.com,Female,242.253.14.88,Utricularia L.
885,Barron,Given,bgivenok@spotify.com,Bigender,209.104.57.62,Euphorbia lucida Waldst. & Kit.
886,Bevan,Corsar,bcorsarol@t-online.de,Male,120.179.26.208,Galium latifolium Michx.
887,Lorie,Bladder,lbladderom@is.gd,Female,152.107.52.112,Gaillardia suavis (A. Gray & Engelm.) Britton & Rusby
888,Deeann,Dumbrall,ddumbrallon@altervista.org,Female,71.19.104.103,Graphina virginea (Eschw.) Müll. Arg.
889,Nero,Drain,ndrainoo@webs.com,Male,162.85.144.163,Dichanthelium ×scoparioides (Ashe) Mohlenbr. (pro sp.)
890,Lesley,Raddon,lraddonop@technorati.com,Female,244.160.182.218,Thelypteris hispidula (Decne.) C.F. Reed
891,Aguste,Segoe,asegoeoq@gravatar.com,Male,224.224.141.238,Stellaria calycantha (Ledeb.) Bong.
892,Opalina,Audrey,oaudreyor@domainmarket.com,Female,16.245.94.142,Touchardia Gaudich.
893,Barnard,Carrack,bcarrackos@msu.edu,Male,218.61.227.210,Eurybia spectabilis (Aiton) G.L. Nesom
894,Roosevelt,Rillatt,rrillattot@nymag.com,Male,178.139.108.32,Isoetes riparia Engelm. ex A. Braun
895,Dorrie,Pinchback,dpinchbackou@xrea.com,Bigender,65.88.122.146,Brodiaea terrestris Kellogg ssp. terrestris
896,Bear,Mashal,bmashalov@oaic.gov.au,Male,242.211.143.252,Cheilanthes bonariensis (Willd.) Proctor
897,Mauricio,Ralphs,mralphsow@cdc.gov,Male,161.122.16.46,Triphysaria micrantha (Greene ex A. Heller) T.I. Chuang & Heckard
898,Ame,Illingsworth,aillingsworthox@seattletimes.com,Female,251.238.90.64,Phlox divaricata L. ssp. laphamii (Alph. Wood) Wherry
899,Lana,De Paepe,ldepaepeoy@wikimedia.org,Female,141.170.189.57,Chaenotheca chlorella (Ach.) Müll. Arg.
900,Sheelagh,Thwaites,sthwaitesoz@google.ru,Female,33.1.166.11,Cystopteris fragilis (L.) Bernh.
901,Cindie,Thieme,cthiemep0@virginia.edu,Female,143.114.60.145,Camelina sativa (L.) Crantz ssp. alyssum (Mill.) E. Schmid
902,Jared,Belhome,jbelhomep1@nasa.gov,Male,148.178.20.70,Lycopus L.
903,Raimundo,Boulde,rbouldep2@amazonaws.com,Male,150.234.222.145,Lysiloma Benth.
904,Sidoney,Fantham,sfanthamp3@loc.gov,Female,168.67.12.149,Chrysosplenium alternifolium L. var. sibiricum Ser. ex DC.
905,Dare,Pigford,dpigfordp4@techcrunch.com,Male,19.94.181.78,Vitex negundo L. var. heterophylla (Franch.) Rehder
906,Kay,Delouch,kdelouchp5@dell.com,Female,1.215.176.43,Rinodina applanata H. Magn.
907,Devora,Sisnett,dsisnettp6@noaa.gov,Female,47.184.99.190,Centaurea melitensis L.
908,Albertine,Eaglen,aeaglenp7@pinterest.com,Female,203.123.51.46,Astragalus detritalis M.E. Jones
909,Easter,Sand,esandp8@unblog.fr,Non-binary,23.211.98.125,Tolumnia variegata (Sw.) G.J. Braem
910,Rainer,Limprecht,rlimprechtp9@ustream.tv,Male,192.205.107.86,Echinocereus stramineus (Engelm.) F. Seitz
911,Janene,Caffin,jcaffinpa@boston.com,Female,144.206.17.122,Brongniartia Kunth
912,Darsey,Hrycek,dhrycekpb@msn.com,Female,64.133.247.199,Lygodesmia juncea (Pursh) D. Don ex Hook.
913,Blake,Wandrach,bwandrachpc@wiley.com,Female,1.251.45.155,Allocasuarina littoralis (Salisb.) L.A.S. Johnson
914,Gaspard,Streeter,gstreeterpd@oaic.gov.au,Male,214.9.93.162,Urochloa oligobrachiata (Pilg.) Kartesz
915,Willi,Houndesome,whoundesomepe@csmonitor.com,Agender,67.137.117.149,Cirsium douglasii DC. var. douglasii
916,Marielle,Hammel,mhammelpf@slate.com,Female,62.145.41.56,Trillium viride Beck
917,Sonja,Vlasin,svlasinpg@gizmodo.com,Female,33.2.199.221,Romanzoffia thompsonii Marttala
918,Kerrin,Oliveto,kolivetoph@tumblr.com,Female,73.30.107.81,Astragalus amblytropis Barneby
919,Laurella,Risom,lrisompi@spiegel.de,Female,191.56.88.194,Trematolobelia grandifolia (Rock) O. Deg.
920,Sharai,Linster,slinsterpj@bing.com,Female,24.37.165.216,Thelypteris opposita (Vahl) Ching
921,Ofelia,Jesty,ojestypk@oaic.gov.au,Female,18.50.226.141,Ledum glandulosum Nutt.
922,Thorvald,Soule,tsoulepl@usda.gov,Male,132.159.125.77,Gratiola neglecta Torr.
923,Lara,Volkers,lvolkerspm@cbslocal.com,Female,117.114.190.254,Myrciaria borinquena Alain
924,Zarla,Redfern,zredfernpn@creativecommons.org,Female,210.24.137.247,Proserpinaca intermedia Mack.
925,Issiah,Rainger,iraingerpo@indiegogo.com,Agender,232.38.219.41,Phacelia crenulata Torr. ex S. Watson var. ambigua (M.E. Jones) J.F. Macbr.
926,Dacie,Strelitzer,dstrelitzerpp@ox.ac.uk,Female,238.5.118.21,Atrichum selwynii Austin
927,Sammy,Scrammage,sscrammagepq@delicious.com,Female,160.100.37.196,Ranunculus pygmaeus Wahlenb.
928,Ginevra,Kiellor,gkiellorpr@netvibes.com,Female,202.70.219.60,Quercus ×podophylla Trel.
929,Mariska,Burdin,mburdinps@webs.com,Female,49.153.102.51,Campanula garganica Ten.
930,Nariko,Solesbury,nsolesburypt@senate.gov,Female,70.119.224.171,Lobelia siphilitica L. var. siphilitica
931,Natale,Wildman,nwildmanpu@nyu.edu,Male,50.182.204.150,Zigadenus nuttallii (A. Gray) S. Watson
932,Clyde,Curd,ccurdpv@pen.io,Male,221.143.205.63,Desmanthus bicornutus S. Watson
933,Hobart,Heikkinen,hheikkinenpw@huffingtonpost.com,Male,192.57.187.195,Condalia hookeri M.C. Johnst.
934,Roxie,Polet,rpoletpx@clickbank.net,Female,220.229.172.41,Ribes quercetorum Greene
935,Dasi,Brandenberg,dbrandenbergpy@gmpg.org,Female,24.216.66.248,Physalis virginiana Mill. var. campaniforma Waterf.
936,Lebbie,Proffitt,lproffittpz@huffingtonpost.com,Female,225.52.33.55,Desmodium styracifolium (Osbeck) Merr.
937,Alic,Springle,aspringleq0@unicef.org,Male,247.99.223.142,Verbascum olympicum Boiss.
938,Sergeant,Gilburt,sgilburtq1@deliciousdays.com,Male,152.93.152.23,Roccella difficilis Darbish.
939,Iain,Candey,icandeyq2@eventbrite.com,Male,142.114.80.85,Etlingera Giseke
940,Rustin,Girling,rgirlingq3@bloglovin.com,Male,196.63.141.0,Erigeron howellii A. Gray
941,Guilbert,Breache,gbreacheq4@biglobe.ne.jp,Male,220.205.135.241,Dryopteris campyloptera Clarkson
942,Courtney,Brevetor,cbrevetorq5@theatlantic.com,Male,114.215.156.148,Passiflora ×colvillii Sweet
943,Fitz,Fairpo,ffairpoq6@cam.ac.uk,Male,219.186.188.47,Senna multijuga (Rich.) Irwin & Barneby
944,Weston,Dilloway,wdillowayq7@ted.com,Male,24.185.192.125,Columnea scandens L.
945,Michaeline,Baythrop,mbaythropq8@delicious.com,Polygender,193.23.229.84,Botrychium crenulatum W.H. Wagner
946,Risa,Woolham,rwoolhamq9@umich.edu,Female,171.242.90.105,Hilaria belangeri (Steud.) Nash
947,Borden,Sokell,bsokellqa@washingtonpost.com,Male,35.158.10.129,Erodium laciniatum (Cav.) Willd.
948,Arleyne,Husk,ahuskqb@washington.edu,Female,243.126.249.111,Gyalidea lecideopsis (A. Massal.) Lettau ex Vezda var. convarians (Nyl.) Vezda
949,Kay,Butfield,kbutfieldqc@smh.com.au,Female,109.197.66.124,Ochrolechia subplicans (Nyl.) Brodo ssp. subplicans
950,Steffane,Pierson,spiersonqd@craigslist.org,Female,177.249.136.97,Erysimum L.
951,Derek,Wedgbrow,dwedgbrowqe@webnode.com,Male,151.63.9.67,Umbilicaria deusta (L.) Baumg.
952,Gardner,Tomblings,gtomblingsqf@mapy.cz,Male,208.144.224.88,Clarkia rhomboidea Douglas ex Hook.
953,Glyn,McNellis,gmcnellisqg@comcast.net,Male,95.125.99.226,Pera bumeliifolia Griseb.
954,Yelena,Foxten,yfoxtenqh@fema.gov,Polygender,100.159.194.74,Rosmarinus L.
955,Ruperto,Piesold,rpiesoldqi@admin.ch,Male,104.192.77.206,Agastache parvifolia Eastw.
956,Jamey,Bishopp,jbishoppqj@ucoz.ru,Male,106.82.254.172,Oenothera deltoides Torr. & Frém. ssp. cognata (Jeps.) W. Klein
957,Tomasine,Scarsbrook,tscarsbrookqk@multiply.com,Female,4.54.58.106,Minuartia nuttallii (Pax) Briq. ssp. nuttallii
958,Judon,Barthram,jbarthramql@theglobeandmail.com,Genderqueer,86.90.88.106,Philadelphus pubescens Loisel. var. pubescens
959,Christa,Bradmore,cbradmoreqm@hugedomains.com,Female,137.119.102.37,Najas filifolia Haynes
960,Moria,Poone,mpooneqn@latimes.com,Female,158.24.11.226,Crepis nana Richardson ssp. ramosa Babc.
961,Almeda,Penney,apenneyqo@netlog.com,Female,186.102.0.169,Endococcus propinquus (Körb.) D. Hawksw.
962,Clementine,Tessington,ctessingtonqp@netlog.com,Female,249.109.116.57,Gaura parviflora Douglas ex Lehm.
963,Daria,Preist,dpreistqq@blog.com,Female,227.152.110.35,Spiraea thunbergii Siebold ex Blume
964,Kevin,McIntee,kmcinteeqr@washington.edu,Genderqueer,236.226.212.221,Cladonia cenotea (Ach.) Schaerer
965,Gina,Gowrich,ggowrichqs@ning.com,Female,133.135.146.208,Acaena Mutis ex L.
966,Ophelie,Goodlife,ogoodlifeqt@wiley.com,Female,1.160.118.22,Penstemon ×mirus A. Nelson (pro sp.)
967,Forester,Bauser,fbauserqu@si.edu,Male,222.140.181.98,Allium tuolumnense (Ownbey & Aase) S. Denison & McNeal
968,Sim,Purser,spurserqv@imageshack.us,Male,32.88.184.206,Boerhavia pterocarpa S. Watson
969,Kleon,Fleet,kfleetqw@dot.gov,Male,241.253.75.26,Stenocereus fimbriatus (Lam.) Lourteig
970,Bernette,Bywater,bbywaterqx@gravatar.com,Female,13.93.168.60,Halophila engelmannii Asch.
971,Wald,Addess,waddessqy@purevolume.com,Male,27.103.125.251,Clarkia arcuata (Kellogg) A. Nelson & J.F. Macbr.
972,Saxon,Wann,swannqz@ftc.gov,Male,68.128.129.131,Asclepias incarnata L.
973,Panchito,Btham,pbthamr0@sogou.com,Male,62.5.167.160,Erigeron bloomeri A. Gray var. pubens D.D. Keck
974,Grannie,Gunny,ggunnyr1@uiuc.edu,Male,138.206.109.243,Corydalis micrantha (Engelm. ex A. Gray) A. Gray
975,Camel,Charnock,ccharnockr2@clickbank.net,Female,26.252.146.229,Oxandra A. Rich.
976,Coleen,Kitchingman,ckitchingmanr3@studiopress.com,Female,152.48.165.251,Penstemon subglaber Rydb.
977,Oates,Mc Grath,omcgrathr4@un.org,Male,97.128.180.98,Thouinia striata Radlk. var. striata
978,Cory,Holdworth,choldworthr5@noaa.gov,Male,142.137.48.86,Verrucaria lecideoides (A. Massal.) Trevis.
979,Klemens,Matokhnin,kmatokhninr6@eventbrite.com,Male,132.180.76.28,Ananas comosus (L.) Merr.
980,Victor,O'Docherty,vodochertyr7@newsvine.com,Male,70.209.231.114,Physalis crassifolia Benth. var. versicolor (Rydb.) Waterf.
981,Jonie,Heims,jheimsr8@flickr.com,Female,249.56.190.186,Silene coeli-rosa (L.) Godr.
982,Aldridge,Yepiskov,ayepiskovr9@intel.com,Male,209.3.255.61,Cyanea angustifolia (Cham.) Hillebr.
983,Bethanne,Ferfulle,bferfullera@canalblog.com,Female,200.127.162.161,Spermolepis inermis (Nutt. ex DC.) Mathias & Constance
984,Brett,Beefon,bbeefonrb@pagesperso-orange.fr,Male,212.92.36.101,Carex flacca Schreb.
985,Wang,Dunaway,wdunawayrc@boston.com,Male,14.39.142.212,Parmelia hygrophila Goward & Ahti
986,Tessa,Meak,tmeakrd@deliciousdays.com,Female,201.184.85.131,Trifolium bifidum A. Gray
987,Pauli,Samarth,psamarthre@nyu.edu,Female,170.159.38.221,Rottboellia cochinchinensis (Lour.) W.D. Clayton
988,Cherye,Yakubowicz,cyakubowiczrf@reddit.com,Female,146.23.228.118,Gamochaeta falcata (Lam.) Cabrera
989,Lorita,Coveney,lcoveneyrg@geocities.com,Female,170.118.113.62,Salvia verbenaca L.
990,Adan,Fruen,afruenrh@last.fm,Male,72.175.89.69,Helianthus nuttallii Torr. & A. Gray
991,Emmalynn,Barfitt,ebarfittri@bigcartel.com,Female,86.4.249.57,Bryohaplocladium virginianum (Brid.) R. Watan. & Z. Iwats.
992,Hansiain,Aukland,hauklandrj@nydailynews.com,Male,88.64.69.8,Sphagnum subnitens Russow & Warnst.
993,Costanza,Dulinty,cdulintyrk@craigslist.org,Genderfluid,181.125.104.221,Penstemon procerus Douglas ex Graham var. modestus (Greene) N.H. Holmgren
994,Nikaniki,Haughton,nhaughtonrl@webeden.co.uk,Female,104.220.58.146,Fryxellia pygmaea (Correll) D.M. Bates
995,Sheelah,Jacklings,sjacklingsrm@soup.io,Female,113.235.47.73,Astragalus cyaneus A. Gray
996,Karim,Medhurst,kmedhurstrn@creativecommons.org,Male,240.46.160.209,Zuckia brandegeei (A. Gray) S.L. Welsh & Stutz ex S.L. Welsh var. plummeri (Stutz & S.C. Sand.) Dorn
997,Roy,Konig,rkonigro@surveymonkey.com,Genderqueer,134.208.155.17,Thelypteris cordata (Fée) Proctor var. imitata (C. Chr.) Proctor
998,Philipa,Broadist,pbroadistrp@goodreads.com,Bigender,209.141.190.255,Bromus stamineus Desv.
999,Benni,McDyer,bmcdyerrq@creativecommons.org,Female,129.163.123.35,Rubus rydbergianus L.H. Bailey
1000,Ezekiel,Osban,eosbanrr@purevolume.com,Male,224.228.138.152,Fissidens aphelotaxifolius Purs.
